id,title,description,source,suggested_label,human_label,notes
1,Typo correction in settings menu localization file (#131),The string asset for account_label contains a typo where 'account' is rendered as 'acount'. This needs to be polished in the next patch update.,Kimironko Shop System,LOW,LOW,Small spelling error found on the settings page.
2,File upload failing with unhandled 413 exception,"When clients upload files larger than 1MB on Chrome v114, the system crashes without error messages. This is blocking the compliance team onboarding loop.",Rubavu Agri Market,HIGH,HIGH,File upload button is broken. Users cannot add attachments.
3,Invoice microservice rounding error on calculation (#694),"Invoice #2938 shows a subtotal of $600 due to a tax configuration error, which contradicts the fixed $400 amount stated in our contract parameters.",Kigali Beauty Platform,MEDIUM,MEDIUM,Wrong bill total on the monthly client invoice.
4,Total payment gateway checkout freeze,The primary mobile money and card processing link has stopped working. Every live transaction is hanging indefinitely and failing.,Kimironko Shop System,CRITICAL,CRITICAL,Mobile money payment is failing but taking customer money.
5,color change request (#250),we want to alter some accent layouts on the main display page when you have extra sprint bandwidth.,Nyamirambo Retail App,LOW,LOW,Client wants to change a button color from green to blue.
6,Invoice microservice rounding error on calculation (#956),"Invoice #2938 shows a subtotal of $600 due to a tax configuration error, which contradicts the fixed $400 amount stated in our contract parameters.",Butare School Portal,MEDIUM,MEDIUM,Wrong bill total on the monthly client invoice.
7,SMTP relay server authentication failing (#275),The email dispatch queue is throwing credential errors on the /v1/send node. No activation links have left the platform since the morning update.,Rubavu Agri Market,HIGH,HIGH,New signup emails are not sending out today.
8,getting logged out constantly (#707),the system keeps forcing me back to the sign-in screen during active intervals.,Musanze Delivery App,MEDIUM,MEDIUM,The application logs users out way too fast.
9,Request to modify CSS color property on confirmation button,Please update the primary button class from background-color: #28a745 to #007bff to stay compliant with our internal brand guidebook.,Gisenyi Hotel Booking,LOW,LOW,Client wants to change a button color from green to blue.
10,hello site not working help (#669),the whole app is broken we click click nothing happens screen is white blank please help fast business stop,Kigali Beauty Platform,LOW,CRITICAL,The entire app is down. Customers cannot buy anything.
11,Invoice microservice rounding error on calculation,"Invoice #2938 shows a subtotal of $600 due to a tax configuration error, which contradicts the fixed $400 amount stated in our contract parameters.",Remera Tax Portal,MEDIUM,MEDIUM,Wrong bill total on the monthly client invoice.
12,app logout too quick,system log out every 5 minute when stop typing. very annoying to type long passwrd again again. make long time please,Rubavu Agri Market,MEDIUM,MEDIUM,The application logs users out way too fast.
13,app died,it just stopped working and shows a blank white screen since morning.,Kanombe Cargo System,CRITICAL,CRITICAL,The screen is frozen for everyone. Urgent fix needed.
14,login not open code error,everyone try to enter password but it say wrong token loop. nobody can do work today please fix now now,Gisenyi Hotel Booking,CRITICAL,CRITICAL,Nobody can log in to work. Big emergency.
15,Billing mismatch on monthly system invoice,"The automated invoicing system generated an incorrect total for this period, billing $600 instead of our baseline retainer of $400.",Butare School Portal,MEDIUM,MEDIUM,Wrong bill total on the monthly client invoice.
16,pdf download missing data,the exported file doesn't match what we see on our web dashboard layer.,Kanombe Cargo System,CRITICAL,MEDIUM,Text is missing when exporting reports to a paper file.
17,EMAILS ARE NOT GOING TO CLIENTS!!!,NEW SIGNUP EMAILS ARE FULLY STUCK AND CUSTOMERS ARE COMPLAINING FIX THIS NOW TODAY!!,Gisenyi Hotel Booking,HIGH,HIGH,New signup emails are not sending out today.
18,attachments broken,the upload section is not accepting any files from our side.,Musanze Delivery App,HIGH,HIGH,File upload button is broken. Users cannot add attachments.
19,File attachment module throwing errors,Users are unable to upload any compliance documentation or image files. The system rejects the payload at 99% with an unhandled exception.,Kimironko Shop System,HIGH,HIGH,File upload button is broken. Users cannot add attachments.
20,File upload failing with unhandled 413 exception (#634),"When clients upload files larger than 1MB on Chrome v114, the system crashes without error messages. This is blocking the compliance team onboarding loop.",Kigali Beauty Platform,MEDIUM,HIGH,File upload button is broken. Users cannot add attachments.
21,File attachment module throwing errors,Users are unable to upload any compliance documentation or image files. The system rejects the payload at 99% with an unhandled exception.,Remera Tax Portal,HIGH,HIGH,File upload button is broken. Users cannot add attachments.
22,THERE IS A TYPO ON THE SETTINGS PAGE!!! (#817),IT SAYS ACOUNT INSTEAD OF ACCOUNT FIX THIS MINOR SPELLING MISTAKE IN THE NEXT SPRINT UPDATE!!,Kimironko Shop System,CRITICAL,LOW,Small spelling error found on the settings page.
23,app died (#526),it just stopped working and shows a blank white screen since morning.,Gisenyi Hotel Booking,CRITICAL,CRITICAL,The screen is frozen for everyone. Urgent fix needed.
24,system failure (#143),the app is completely dead for all our office workers.,Musanze Delivery App,CRITICAL,CRITICAL,The entire app is down. Customers cannot buy anything.
25,ALL LOGIN IS BROKEN HELP!!! (#664),NOBODY IN THE WHOLE OFFICE CAN LOG IN SINCE 1 HOUR!! EVERYTHING IS BLANK SCREEN FIX THIS NOW!!,Remera Tax Portal,CRITICAL,CRITICAL,Nobody can log in to work. Big emergency.
26,app logout too quick (#265),system log out every 5 minute when stop typing. very annoying to type long passwrd again again. make long time please,Remera Tax Portal,HIGH,MEDIUM,The application logs users out way too fast.
27,invoice money wrong count (#221),hello bill we get today is wrong number. it say 600 but agreement is 400. please look and send true one,Nyamirambo Retail App,MEDIUM,MEDIUM,Wrong bill total on the monthly client invoice.
28,FILE UPLOAD IS TOTALLY BROKEN!!!,WE CANNOT UPLOAD PDF OR PHOTOS FOR OUR WORK TODAY IT SAYS FAILED ALWAYS FIX THIS SOON IT IS VERY FRUSTRATING!!,Musanze Delivery App,HIGH,HIGH,File upload button is broken. Users cannot add attachments.
29,WHERE IS THE ONBOARDING MANUAL OR VIDEO?? (#145),WE HAVE INTERNS STARTING NEXT WEEK AND NEED A SIMPLE GUIDE TO SHOW THEM HOW TO USE THIS PLATFORM SEND IT!!,Kimironko Shop System,LOW,LOW,Customer needs a simple guide on how to add a worker.
30,ALL LOGIN IS BROKEN HELP!!!,NOBODY IN THE WHOLE OFFICE CAN LOG IN SINCE 1 HOUR!! EVERYTHING IS BLANK SCREEN FIX THIS NOW!!,Rubavu Agri Market,CRITICAL,CRITICAL,Nobody can log in to work. Big emergency.
31,Critical system crash on payment module (#359),"Since the update at 3pm, users get a blank screen and 500 error when clicking pay. Affected domain: /api/checkout. Error code: GATEWAY_TIMEOUT. All users blocked.",Gisenyi Hotel Booking,CRITICAL,CRITICAL,Mobile money payment is failing but taking customer money.
32,THE APP LOGS ME OUT EVERY 5 MINUTES!!!,THIS IS SO ANNOYING I HAVE TO RE-ENTER MY PASSWORD EVERY TIME I STOP TYPING FOR A SECOND MAKE THE TIME LONGER!!,Kanombe Cargo System,MEDIUM,MEDIUM,The application logs users out way too fast.
33,Database replication failure causing mass data loss,The core data cluster has failed after the last deploy. Active client records are no longer visible on any dashboard.,Rubavu Agri Market,CRITICAL,CRITICAL,All client records are missing from the screen. Team is stuck.
34,photo upload not work error,we try to put photo or paper pdf file inside but it say fail. we need this today for daily job please repair soon,Kigali Beauty Platform,HIGH,HIGH,File upload button is broken. Users cannot add attachments.
35,how to put new worker inside (#739),hello we have new person coming next week. how do we add them inside app? you have simple video or text link? thanks,Gisenyi Hotel Booking,MEDIUM,LOW,Customer needs a simple guide on how to add a worker.
36,THE TEXT IS MISSING FROM THE PDF EXPORT!!!,IT SHOWS ON THE COMPUTER SCREEN BUT THE DOWNLOADED PAPER FILE IS COMPLETELY BLANK REMOVE THIS BUG!!,Nyamirambo Retail App,MEDIUM,MEDIUM,Text is missing when exporting reports to a paper file.
37,Complete session database corruption after deploy (#652),"After the recent build pipeline finished, all users are kicked into a login loop. Token verification throws an unhandled null pointer error. Nobody can access dashboards.",Musanze Delivery App,CRITICAL,CRITICAL,Nobody can log in to work. Big emergency.
38,PDF layout stream omitting custom text blocks (#673),"The export module is failing to map the data stream variable to the document layout, causing blank rows in downloaded reports while web view is fine.",Gitarama Pharmacy Web,MEDIUM,MEDIUM,Text is missing when exporting reports to a paper file.
39,APP IS COMPLETELY DOWN NOW NOW!!!,WE ARE LOSING EVERY SINGLE CUSTOMER MONEY IS FAILING SYSTEM IS FROZEN PLS FIX ASAP!!!!,Gitarama Pharmacy Web,CRITICAL,CRITICAL,The entire app is down. Customers cannot buy anything.
40,FILE UPLOAD IS TOTALLY BROKEN!!!,WE CANNOT UPLOAD PDF OR PHOTOS FOR OUR WORK TODAY IT SAYS FAILED ALWAYS FIX THIS SOON IT IS VERY FRUSTRATING!!,Kanombe Cargo System,HIGH,HIGH,File upload button is broken. Users cannot add attachments.
41,WRONG BILL AMOUNT AGAIN!!!,OUR INVOICE SAYS 600 DOLLARS BUT OUR CONTRACT IS ONLY 400 DOLLARS PLEASE FIX THIS DISCREPANCY TODAY!!,Kimironko Shop System,MEDIUM,MEDIUM,Wrong bill total on the monthly client invoice.
42,everything is broken,the system is down and nobody can do anything today.,Kimironko Shop System,MEDIUM,CRITICAL,The entire app is down. Customers cannot buy anything.
43,DASHBOARD LOADING FOREVER!!! (#952),THE SYSTEM IS SO SLOW IT TAKES 3 MINUTES THEN GIVES TIMEOUT ERROR WE CANNOT SEE THE DAILY REPORTS TODAY!!,Kimironko Shop System,HIGH,HIGH,The system is loading too slow and timing out.
44,everything is broken,the system is down and nobody can do anything today.,Kimironko Shop System,CRITICAL,CRITICAL,The entire app is down. Customers cannot buy anything.
45,THERE IS A TYPO ON THE SETTINGS PAGE!!!,IT SAYS ACOUNT INSTEAD OF ACCOUNT FIX THIS MINOR SPELLING MISTAKE IN THE NEXT SPRINT UPDATE!!,Butare School Portal,LOW,LOW,Small spelling error found on the settings page.
46,Inquiry regarding documentation assets for multi-tenant administration (#551),We are setting up internal knowledge base articles and require the video walkthrough link for adding and configuring new corporate roles.,Kimironko Shop System,LOW,LOW,Customer needs a simple guide on how to add a worker.
47,change button look blue color,can we change green button to blue color? blue is nice for our company brand. no rush when you have time,Kimironko Shop System,LOW,LOW,Client wants to change a button color from green to blue.
48,color change request,we want to alter some accent layouts on the main display page when you have extra sprint bandwidth.,Remera Tax Portal,LOW,LOW,Client wants to change a button color from green to blue.
49,emails are down (#425),nobody is getting any automated responses from the portal today.,Kanombe Cargo System,HIGH,HIGH,New signup emails are not sending out today.
50,WRONG BILL AMOUNT AGAIN!!!,OUR INVOICE SAYS 600 DOLLARS BUT OUR CONTRACT IS ONLY 400 DOLLARS PLEASE FIX THIS DISCREPANCY TODAY!!,Kimironko Shop System,MEDIUM,MEDIUM,Wrong bill total on the monthly client invoice.
51,text not inside printed report (#521),we add words on screen but when downlod pdf file that text is gone paper look empty. check when free,Kanombe Cargo System,MEDIUM,MEDIUM,Text is missing when exporting reports to a paper file.
52,Request to modify CSS color property on confirmation button (#805),Please update the primary button class from background-color: #28a745 to #007bff to stay compliant with our internal brand guidebook.,Butare School Portal,CRITICAL,LOW,Client wants to change a button color from green to blue.
53,PDF export missing key custom data rows,"When downloading the analytics dashboard summary, the generated file fails to render the customized narrative rows present in the web layout.",Gisenyi Hotel Booking,LOW,MEDIUM,Text is missing when exporting reports to a paper file.
54,Request to modify CSS color property on confirmation button,Please update the primary button class from background-color: #28a745 to #007bff to stay compliant with our internal brand guidebook.,Rubavu Agri Market,LOW,LOW,Client wants to change a button color from green to blue.
55,how to put new worker inside,hello we have new person coming next week. how do we add them inside app? you have simple video or text link? thanks,Butare School Portal,LOW,LOW,Customer needs a simple guide on how to add a worker.
56,Session lifetime parameter expiring prematurely,The authentication token cookie is invalidating after 5 minutes of idle state instead of the configured 2 hours. This disrupts worker workflows.,Rubavu Agri Market,MEDIUM,MEDIUM,The application logs users out way too fast.
57,Critical system crash on payment module (#676),"Since the update at 3pm, users get a blank screen and 500 error when clicking pay. Affected domain: /api/checkout. Error code: GATEWAY_TIMEOUT. All users blocked.",Remera Tax Portal,CRITICAL,CRITICAL,Mobile money payment is failing but taking customer money.
58,attachments broken,the upload section is not accepting any files from our side.,Butare School Portal,HIGH,HIGH,File upload button is broken. Users cannot add attachments.
59,Inquiry regarding documentation assets for multi-tenant administration (#135),We are setting up internal knowledge base articles and require the video walkthrough link for adding and configuring new corporate roles.,Kimironko Shop System,HIGH,LOW,Customer needs a simple guide on how to add a worker.
60,money go out but order fail,customer buy things but payment say error. mobile money take their cash but no order inside system. big problem help,Gitarama Pharmacy Web,CRITICAL,CRITICAL,Mobile money payment is failing but taking customer money.
61,THERE IS A TYPO ON THE SETTINGS PAGE!!!,IT SAYS ACOUNT INSTEAD OF ACCOUNT FIX THIS MINOR SPELLING MISTAKE IN THE NEXT SPRINT UPDATE!!,Kigali Beauty Platform,LOW,LOW,Small spelling error found on the settings page.
62,CHANGE THIS UGLY BUTTON COLOR TO BLUE!!! (#458),THE GREEN COLOR DOES NOT MATCH OUR BRAND Guidelines AT ALL CHANGE IT TO BLUE WHEN YOU HAVE A MINUTE!!,Kigali Beauty Platform,LOW,LOW,Client wants to change a button color from green to blue.
63,hello site not working help (#870),the whole app is broken we click click nothing happens screen is white blank please help fast business stop,Gitarama Pharmacy Web,CRITICAL,CRITICAL,The entire app is down. Customers cannot buy anything.
64,money go out but order fail,customer buy things but payment say error. mobile money take their cash but no order inside system. big problem help,Gisenyi Hotel Booking,CRITICAL,CRITICAL,Mobile money payment is failing but taking customer money.
65,spelling bad word in account setup (#124),i see small mistake in setting tab text. it say 'acount' instead of true spelling. just minor thing for next update,Rubavu Agri Market,LOW,LOW,Small spelling error found on the settings page.
66,invoice money wrong count (#905),hello bill we get today is wrong number. it say 600 but agreement is 400. please look and send true one,Rubavu Agri Market,MEDIUM,MEDIUM,Wrong bill total on the monthly client invoice.
67,Request to modify CSS color property on confirmation button (#454),Please update the primary button class from background-color: #28a745 to #007bff to stay compliant with our internal brand guidebook.,Kanombe Cargo System,LOW,LOW,Client wants to change a button color from green to blue.
68,File attachment module throwing errors (#314),Users are unable to upload any compliance documentation or image files. The system rejects the payload at 99% with an unhandled exception.,Musanze Delivery App,HIGH,HIGH,File upload button is broken. Users cannot add attachments.
69,Billing mismatch on monthly system invoice (#869),"The automated invoicing system generated an incorrect total for this period, billing $600 instead of our baseline retainer of $400.",Gitarama Pharmacy Web,MEDIUM,MEDIUM,Wrong bill total on the monthly client invoice.
70,need documentation guide (#374),looking for an instruction link on how to manage user profiles on the platform.,Gisenyi Hotel Booking,LOW,LOW,Customer needs a simple guide on how to add a worker.
71,text not inside printed report (#710),we add words on screen but when downlod pdf file that text is gone paper look empty. check when free,Remera Tax Portal,MEDIUM,MEDIUM,Text is missing when exporting reports to a paper file.
72,Ransomware popup on live web server admin link (#947),Our live system admin page has been hijacked. It displays an external hacker alert demanding payment and all staff authentication tokens are rejected.,Gisenyi Hotel Booking,CRITICAL,CRITICAL,The main link is completely broken. Business is stopped.
73,system failure (#555),the app is completely dead for all our office workers.,Nyamirambo Retail App,CRITICAL,CRITICAL,The entire app is down. Customers cannot buy anything.
74,SMTP relay server authentication failing,The email dispatch queue is throwing credential errors on the /v1/send node. No activation links have left the platform since the morning update.,Kimironko Shop System,HIGH,HIGH,New signup emails are not sending out today.
75,Typo correction in settings menu localization file,The string asset for account_label contains a typo where 'account' is rendered as 'acount'. This needs to be polished in the next patch update.,Nyamirambo Retail App,LOW,LOW,Small spelling error found on the settings page.
76,Request to modify CSS color property on confirmation button,Please update the primary button class from background-color: #28a745 to #007bff to stay compliant with our internal brand guidebook.,Gisenyi Hotel Booking,LOW,LOW,Client wants to change a button color from green to blue.
77,Database replication failure causing mass data loss (#780),The core data cluster has failed after the last deploy. Active client records are no longer visible on any dashboard.,Musanze Delivery App,CRITICAL,CRITICAL,All client records are missing from the screen. Team is stuck.
78,File upload failing with unhandled 413 exception (#366),"When clients upload files larger than 1MB on Chrome v114, the system crashes without error messages. This is blocking the compliance team onboarding loop.",Gitarama Pharmacy Web,HIGH,HIGH,File upload button is broken. Users cannot add attachments.
79,Billing mismatch on monthly system invoice,"The automated invoicing system generated an incorrect total for this period, billing $600 instead of our baseline retainer of $400.",Kimironko Shop System,LOW,MEDIUM,Wrong bill total on the monthly client invoice.
80,money go out but order fail,customer buy things but payment say error. mobile money take their cash but no order inside system. big problem help,Butare School Portal,CRITICAL,CRITICAL,Mobile money payment is failing but taking customer money.
81,the wrong price is showing on the checkout page,the item price on the web display shows 50 dollars but when users go to purchase it switches to 75 dollars. this is causing confusion.,Gisenyi Hotel Booking,MEDIUM,MEDIUM,Wrong bill total on the monthly client invoice.
82,Typo correction in settings menu localization file (#992),The string asset for account_label contains a typo where 'account' is rendered as 'acount'. This needs to be polished in the next patch update.,Remera Tax Portal,CRITICAL,LOW,Small spelling error found on the settings page.
83,need documentation guide (#577),looking for an instruction link on how to manage user profiles on the platform.,Nyamirambo Retail App,LOW,LOW,Customer needs a simple guide on how to add a worker.
84,Database replication failure causing mass data loss,The core data cluster has failed after the last deploy. Active client records are no longer visible on any dashboard.,Butare School Portal,HIGH,CRITICAL,All client records are missing from the screen. Team is stuck.
85,SMTP relay server authentication failing,The email dispatch queue is throwing credential errors on the /v1/send node. No activation links have left the platform since the morning update.,Nyamirambo Retail App,HIGH,HIGH,New signup emails are not sending out today.
86,text not inside printed report (#366),we add words on screen but when downlod pdf file that text is gone paper look empty. check when free,Nyamirambo Retail App,MEDIUM,MEDIUM,Text is missing when exporting reports to a paper file.
87,Inquiry regarding user onboarding manual availability,Could you provide a quick reference guide or video tutorial covering the addition of new staff accounts for our upcoming internal training session?,Musanze Delivery App,LOW,LOW,Customer needs a simple guide on how to add a worker.
88,money go out but order fail (#487),customer buy things but payment say error. mobile money take their cash but no order inside system. big problem help,Kimironko Shop System,CRITICAL,CRITICAL,Mobile money payment is failing but taking customer money.
89,invoice error (#979),the price on the invoice sheet does not match our profile records.,Kanombe Cargo System,MEDIUM,MEDIUM,Wrong bill total on the monthly client invoice.
90,text not inside printed report (#749),we add words on screen but when downlod pdf file that text is gone paper look empty. check when free,Gisenyi Hotel Booking,MEDIUM,MEDIUM,Text is missing when exporting reports to a paper file.
91,need documentation guide (#602),looking for an instruction link on how to manage user profiles on the platform.,Rubavu Agri Market,LOW,LOW,Customer needs a simple guide on how to add a worker.
92,spelling typo found,there is a small wording mistake inside one of the description blocks in the user settings menu.,Butare School Portal,LOW,LOW,Small spelling error found on the settings page.
93,system slow loading loop (#958),open page take too long time then say timeout error. we cannot do reporting today because it loop. please check why slow,Gisenyi Hotel Booking,HIGH,HIGH,The system is loading too slow and timing out.
94,THE APP LOGS ME OUT EVERY 5 MINUTES!!! (#701),THIS IS SO ANNOYING I HAVE TO RE-ENTER MY PASSWORD EVERY TIME I STOP TYPING FOR A SECOND MAKE THE TIME LONGER!!,Nyamirambo Retail App,CRITICAL,MEDIUM,The application logs users out way too fast.
95,PDF export missing key custom data rows,"When downloading the analytics dashboard summary, the generated file fails to render the customized narrative rows present in the web layout.",Gisenyi Hotel Booking,MEDIUM,MEDIUM,Text is missing when exporting reports to a paper file.
96,attachments broken (#926),the upload section is not accepting any files from our side.,Remera Tax Portal,HIGH,HIGH,File upload button is broken. Users cannot add attachments.
97,THE TEXT IS MISSING FROM THE PDF EXPORT!!!,IT SHOWS ON THE COMPUTER SCREEN BUT THE DOWNLOADED PAPER FILE IS COMPLETELY BLANK REMOVE THIS BUG!!,Kimironko Shop System,MEDIUM,MEDIUM,Text is missing when exporting reports to a paper file.
98,Typo correction in settings menu localization file,The string asset for account_label contains a typo where 'account' is rendered as 'acount'. This needs to be polished in the next patch update.,Kanombe Cargo System,LOW,LOW,Small spelling error found on the settings page.
99,Database replication failure causing mass data loss (#571),The core data cluster has failed after the last deploy. Active client records are no longer visible on any dashboard.,Rubavu Agri Market,CRITICAL,CRITICAL,All client records are missing from the screen. Team is stuck.
100,photo upload not work error,we try to put photo or paper pdf file inside but it say fail. we need this today for daily job please repair soon,Nyamirambo Retail App,HIGH,HIGH,File upload button is broken. Users cannot add attachments.
101,pdf download missing data,the exported file doesn't match what we see on our web dashboard layer.,Kanombe Cargo System,MEDIUM,MEDIUM,Text is missing when exporting reports to a paper file.
102,app logout too quick (#149),system log out every 5 minute when stop typing. very annoying to type long passwrd again again. make long time please,Kimironko Shop System,MEDIUM,MEDIUM,The application logs users out way too fast.
103,system failure (#849),the app is completely dead for all our office workers.,Kanombe Cargo System,CRITICAL,CRITICAL,The entire app is down. Customers cannot buy anything.
104,need documentation guide,looking for an instruction link on how to manage user profiles on the platform.,Kanombe Cargo System,HIGH,LOW,Customer needs a simple guide on how to add a worker.
105,spelling bad word in account setup,i see small mistake in setting tab text. it say 'acount' instead of true spelling. just minor thing for next update,Butare School Portal,LOW,LOW,Small spelling error found on the settings page.
106,EMAILS ARE NOT GOING TO CLIENTS!!! (#225),NEW SIGNUP EMAILS ARE FULLY STUCK AND CUSTOMERS ARE COMPLAINING FIX THIS NOW TODAY!!,Gitarama Pharmacy Web,HIGH,HIGH,New signup emails are not sending out today.
107,hello site not working help (#239),the whole app is broken we click click nothing happens screen is white blank please help fast business stop,Musanze Delivery App,CRITICAL,CRITICAL,The entire app is down. Customers cannot buy anything.
108,payment button not working for some users,we noticed that clients trying to check out using the old safari web app get a frozen page. chrome users can pay completely fine.,Gitarama Pharmacy Web,HIGH,HIGH,File upload button is broken. Users cannot add attachments.
109,emails are down (#199),nobody is getting any automated responses from the portal today.,Rubavu Agri Market,HIGH,HIGH,New signup emails are not sending out today.
110,THE APP LOGS ME OUT EVERY 5 MINUTES!!!,THIS IS SO ANNOYING I HAVE TO RE-ENTER MY PASSWORD EVERY TIME I STOP TYPING FOR A SECOND MAKE THE TIME LONGER!!,Gisenyi Hotel Booking,MEDIUM,MEDIUM,The application logs users out way too fast.
111,DASHBOARD LOADING FOREVER!!! (#372),THE SYSTEM IS SO SLOW IT TAKES 3 MINUTES THEN GIVES TIMEOUT ERROR WE CANNOT SEE THE DAILY REPORTS TODAY!!,Butare School Portal,HIGH,HIGH,The system is loading too slow and timing out.
112,emails are down,nobody is getting any automated responses from the portal today.,Nyamirambo Retail App,HIGH,HIGH,New signup emails are not sending out today.
113,Ransomware popup on live web server admin link (#464),Our live system admin page has been hijacked. It displays an external hacker alert demanding payment and all staff authentication tokens are rejected.,Kigali Beauty Platform,CRITICAL,CRITICAL,The main link is completely broken. Business is stopped.
114,File attachment module throwing errors (#611),Users are unable to upload any compliance documentation or image files. The system rejects the payload at 99% with an unhandled exception.,Kanombe Cargo System,HIGH,HIGH,File upload button is broken. Users cannot add attachments.
115,attachments broken,the upload section is not accepting any files from our side.,Gitarama Pharmacy Web,HIGH,HIGH,File upload button is broken. Users cannot add attachments.
116,Minor typo identified within settings layout,There is a minor spelling error in the account configuration tab where 'account' is misspelled with a single 'c'. Cosmetic fix.,Gisenyi Hotel Booking,LOW,LOW,Small spelling error found on the settings page.
117,app died,it just stopped working and shows a blank white screen since morning.,Gisenyi Hotel Booking,CRITICAL,CRITICAL,The screen is frozen for everyone. Urgent fix needed.
118,system failure (#412),the app is completely dead for all our office workers.,Gisenyi Hotel Booking,CRITICAL,CRITICAL,The entire app is down. Customers cannot buy anything.
119,Database query causing 504 gateway timeout on reports,"The SQL query for gathering monthly sales metrics lacks an index on the client_id column, causing a 45 second lock. The sales team cannot open reports.",Gitarama Pharmacy Web,HIGH,HIGH,The system is loading too slow and timing out.
120,emails are down,nobody is getting any automated responses from the portal today.,Kigali Beauty Platform,MEDIUM,HIGH,New signup emails are not sending out today.
121,Invoice microservice rounding error on calculation (#615),"Invoice #2938 shows a subtotal of $600 due to a tax configuration error, which contradicts the fixed $400 amount stated in our contract parameters.",Remera Tax Portal,HIGH,MEDIUM,Wrong bill total on the monthly client invoice.
122,app logout too quick (#449),system log out every 5 minute when stop typing. very annoying to type long passwrd again again. make long time please,Rubavu Agri Market,HIGH,MEDIUM,The application logs users out way too fast.
123,photo upload not work error (#935),we try to put photo or paper pdf file inside but it say fail. we need this today for daily job please repair soon,Kigali Beauty Platform,LOW,HIGH,File upload button is broken. Users cannot add attachments.
124,APP IS COMPLETELY DOWN NOW NOW!!! (#565),WE ARE LOSING EVERY SINGLE CUSTOMER MONEY IS FAILING SYSTEM IS FROZEN PLS FIX ASAP!!!!,Musanze Delivery App,CRITICAL,CRITICAL,The entire app is down. Customers cannot buy anything.
125,Inquiry regarding documentation assets for multi-tenant administration (#751),We are setting up internal knowledge base articles and require the video walkthrough link for adding and configuring new corporate roles.,Musanze Delivery App,LOW,LOW,Customer needs a simple guide on how to add a worker.
126,pdf download missing data,the exported file doesn't match what we see on our web dashboard layer.,Remera Tax Portal,MEDIUM,MEDIUM,Text is missing when exporting reports to a paper file.
127,photo upload not work error,we try to put photo or paper pdf file inside but it say fail. we need this today for daily job please repair soon,Kimironko Shop System,CRITICAL,HIGH,File upload button is broken. Users cannot add attachments.
128,need documentation guide,looking for an instruction link on how to manage user profiles on the platform.,Remera Tax Portal,LOW,LOW,Customer needs a simple guide on how to add a worker.
129,DASHBOARD LOADING FOREVER!!! (#615),THE SYSTEM IS SO SLOW IT TAKES 3 MINUTES THEN GIVES TIMEOUT ERROR WE CANNOT SEE THE DAILY REPORTS TODAY!!,Remera Tax Portal,HIGH,HIGH,The system is loading too slow and timing out.
130,change button look blue color,can we change green button to blue color? blue is nice for our company brand. no rush when you have time,Nyamirambo Retail App,LOW,LOW,Client wants to change a button color from green to blue.
131,Inquiry regarding documentation assets for multi-tenant administration,We are setting up internal knowledge base articles and require the video walkthrough link for adding and configuring new corporate roles.,Nyamirambo Retail App,LOW,LOW,Customer needs a simple guide on how to add a worker.
132,Total payment gateway checkout freeze,The primary mobile money and card processing link has stopped working. Every live transaction is hanging indefinitely and failing.,Gisenyi Hotel Booking,CRITICAL,CRITICAL,Mobile money payment is failing but taking customer money.
133,WRONG BILL AMOUNT AGAIN!!!,OUR INVOICE SAYS 600 DOLLARS BUT OUR CONTRACT IS ONLY 400 DOLLARS PLEASE FIX THIS DISCREPANCY TODAY!!,Kanombe Cargo System,MEDIUM,MEDIUM,Wrong bill total on the monthly client invoice.
134,system slow loading loop,open page take too long time then say timeout error. we cannot do reporting today because it loop. please check why slow,Gisenyi Hotel Booking,HIGH,HIGH,The system is loading too slow and timing out.
135,getting logged out constantly,the system keeps forcing me back to the sign-in screen during active intervals.,Gisenyi Hotel Booking,MEDIUM,MEDIUM,The application logs users out way too fast.
136,color change request (#744),we want to alter some accent layouts on the main display page when you have extra sprint bandwidth.,Rubavu Agri Market,LOW,LOW,Client wants to change a button color from green to blue.
137,app died (#782),it just stopped working and shows a blank white screen since morning.,Butare School Portal,CRITICAL,CRITICAL,The screen is frozen for everyone. Urgent fix needed.
138,ALL LOGIN IS BROKEN HELP!!!,NOBODY IN THE WHOLE OFFICE CAN LOG IN SINCE 1 HOUR!! EVERYTHING IS BLANK SCREEN FIX THIS NOW!!,Kigali Beauty Platform,CRITICAL,CRITICAL,Nobody can log in to work. Big emergency.
139,Request to modify CSS color property on confirmation button,Please update the primary button class from background-color: #28a745 to #007bff to stay compliant with our internal brand guidebook.,Kanombe Cargo System,LOW,LOW,Client wants to change a button color from green to blue.
140,system slow loading loop (#901),open page take too long time then say timeout error. we cannot do reporting today because it loop. please check why slow,Butare School Portal,HIGH,HIGH,The system is loading too slow and timing out.
141,Total payment gateway checkout freeze,The primary mobile money and card processing link has stopped working. Every live transaction is hanging indefinitely and failing.,Rubavu Agri Market,CRITICAL,CRITICAL,Mobile money payment is failing but taking customer money.
142,Billing mismatch on monthly system invoice (#512),"The automated invoicing system generated an incorrect total for this period, billing $600 instead of our baseline retainer of $400.",Kanombe Cargo System,CRITICAL,MEDIUM,Wrong bill total on the monthly client invoice.
143,Inquiry regarding user onboarding manual availability (#497),Could you provide a quick reference guide or video tutorial covering the addition of new staff accounts for our upcoming internal training session?,Butare School Portal,LOW,LOW,Customer needs a simple guide on how to add a worker.
144,THERE IS A TYPO ON THE SETTINGS PAGE!!! (#374),IT SAYS ACOUNT INSTEAD OF ACCOUNT FIX THIS MINOR SPELLING MISTAKE IN THE NEXT SPRINT UPDATE!!,Remera Tax Portal,LOW,LOW,Small spelling error found on the settings page.
145,login not open code error (#465),everyone try to enter password but it say wrong token loop. nobody can do work today please fix now now,Gisenyi Hotel Booking,CRITICAL,CRITICAL,Nobody can log in to work. Big emergency.
146,invoice money wrong count,hello bill we get today is wrong number. it say 600 but agreement is 400. please look and send true one,Kanombe Cargo System,MEDIUM,MEDIUM,Wrong bill total on the monthly client invoice.
147,attachments broken (#418),the upload section is not accepting any files from our side.,Gisenyi Hotel Booking,HIGH,HIGH,File upload button is broken. Users cannot add attachments.
148,Invoice microservice rounding error on calculation,"Invoice #2938 shows a subtotal of $600 due to a tax configuration error, which contradicts the fixed $400 amount stated in our contract parameters.",Remera Tax Portal,MEDIUM,MEDIUM,Wrong bill total on the monthly client invoice.
149,no message coming to customer mail,when new person make sign up they get no email link. yesterday it work fine today nothing. please look fast,Butare School Portal,HIGH,HIGH,New signup emails are not sending out today.
150,File upload failing with unhandled 413 exception,"When clients upload files larger than 1MB on Chrome v114, the system crashes without error messages. This is blocking the compliance team onboarding loop.",Remera Tax Portal,HIGH,HIGH,File upload button is broken. Users cannot add attachments.
151,THE APP LOGS ME OUT EVERY 5 MINUTES!!!,THIS IS SO ANNOYING I HAVE TO RE-ENTER MY PASSWORD EVERY TIME I STOP TYPING FOR A SECOND MAKE THE TIME LONGER!!,Musanze Delivery App,MEDIUM,MEDIUM,The application logs users out way too fast.
152,Total payment gateway checkout freeze,The primary mobile money and card processing link has stopped working. Every live transaction is hanging indefinitely and failing.,Gisenyi Hotel Booking,CRITICAL,CRITICAL,Mobile money payment is failing but taking customer money.
153,everything is broken (#590),the system is down and nobody can do anything today.,Gisenyi Hotel Booking,CRITICAL,CRITICAL,The entire app is down. Customers cannot buy anything.
154,EMAILS ARE NOT GOING TO CLIENTS!!!,NEW SIGNUP EMAILS ARE FULLY STUCK AND CUSTOMERS ARE COMPLAINING FIX THIS NOW TODAY!!,Remera Tax Portal,HIGH,HIGH,New signup emails are not sending out today.
155,Typo correction in settings menu localization file (#573),The string asset for account_label contains a typo where 'account' is rendered as 'acount'. This needs to be polished in the next patch update.,Kanombe Cargo System,LOW,LOW,Small spelling error found on the settings page.
156,WRONG BILL AMOUNT AGAIN!!! (#544),OUR INVOICE SAYS 600 DOLLARS BUT OUR CONTRACT IS ONLY 400 DOLLARS PLEASE FIX THIS DISCREPANCY TODAY!!,Rubavu Agri Market,MEDIUM,MEDIUM,Wrong bill total on the monthly client invoice.
157,Billing mismatch on monthly system invoice,"The automated invoicing system generated an incorrect total for this period, billing $600 instead of our baseline retainer of $400.",Nyamirambo Retail App,MEDIUM,MEDIUM,Wrong bill total on the monthly client invoice.
158,Severe performance latency causing gateway timeouts (#798),"The main analytical reports page is experiencing massive response delays, averaging 45 seconds before dropping the connection. Sales team cannot work.",Kimironko Shop System,HIGH,HIGH,The system is loading too slow and timing out.
159,system failure,the app is completely dead for all our office workers.,Gisenyi Hotel Booking,CRITICAL,CRITICAL,The entire app is down. Customers cannot buy anything.
160,invoice error (#584),the price on the invoice sheet does not match our profile records.,Nyamirambo Retail App,MEDIUM,MEDIUM,Wrong bill total on the monthly client invoice.
161,Request to alter UI button accent hex code (#299),Could we update the primary action button color to a blue accent to better match our corporate identity system guidelines? Low priority.,Gisenyi Hotel Booking,LOW,LOW,Client wants to change a button color from green to blue.
162,SMTP relay server authentication failing (#596),The email dispatch queue is throwing credential errors on the /v1/send node. No activation links have left the platform since the morning update.,Rubavu Agri Market,HIGH,HIGH,New signup emails are not sending out today.
163,invoice error (#886),the price on the invoice sheet does not match our profile records.,Musanze Delivery App,MEDIUM,MEDIUM,Wrong bill total on the monthly client invoice.
164,Invoice microservice rounding error on calculation (#820),"Invoice #2938 shows a subtotal of $600 due to a tax configuration error, which contradicts the fixed $400 amount stated in our contract parameters.",Kigali Beauty Platform,MEDIUM,MEDIUM,Wrong bill total on the monthly client invoice.
165,Database query causing 504 gateway timeout on reports,"The SQL query for gathering monthly sales metrics lacks an index on the client_id column, causing a 45 second lock. The sales team cannot open reports.",Remera Tax Portal,HIGH,HIGH,The system is loading too slow and timing out.
166,reports are loading slowly taking 10 seconds,the main analytical layout page takes more than 10 seconds to load. it doesn't fail but it makes daily workflow sluggish.,Kanombe Cargo System,MEDIUM,MEDIUM,The system clock is showing the wrong time zone.
167,Critical system crash on payment module,"Since the update at 3pm, users get a blank screen and 500 error when clicking pay. Affected domain: /api/checkout. Error code: GATEWAY_TIMEOUT. All users blocked.",Gitarama Pharmacy Web,CRITICAL,CRITICAL,Mobile money payment is failing but taking customer money.
168,reports page loading error (#728),the page keeps spinning and won't display any numbers for our team.,Kimironko Shop System,HIGH,HIGH,The system is loading too slow and timing out.
169,Critical system crash on payment module,"Since the update at 3pm, users get a blank screen and 500 error when clicking pay. Affected domain: /api/checkout. Error code: GATEWAY_TIMEOUT. All users blocked.",Kigali Beauty Platform,CRITICAL,CRITICAL,Mobile money payment is failing but taking customer money.
170,app logout too quick,system log out every 5 minute when stop typing. very annoying to type long passwrd again again. make long time please,Remera Tax Portal,MEDIUM,MEDIUM,The application logs users out way too fast.
171,Request to alter UI button accent hex code (#832),Could we update the primary action button color to a blue accent to better match our corporate identity system guidelines? Low priority.,Butare School Portal,LOW,LOW,Client wants to change a button color from green to blue.
172,invoice error,the price on the invoice sheet does not match our profile records.,Gitarama Pharmacy Web,CRITICAL,MEDIUM,Wrong bill total on the monthly client invoice.
173,hello site not working help,the whole app is broken we click click nothing happens screen is white blank please help fast business stop,Rubavu Agri Market,CRITICAL,CRITICAL,The entire app is down. Customers cannot buy anything.
174,Typo correction in settings menu localization file (#721),The string asset for account_label contains a typo where 'account' is rendered as 'acount'. This needs to be polished in the next patch update.,Butare School Portal,LOW,LOW,Small spelling error found on the settings page.
175,Ransomware popup on live web server admin link (#675),Our live system admin page has been hijacked. It displays an external hacker alert demanding payment and all staff authentication tokens are rejected.,Gitarama Pharmacy Web,CRITICAL,CRITICAL,The main link is completely broken. Business is stopped.
176,ALL LOGIN IS BROKEN HELP!!!,NOBODY IN THE WHOLE OFFICE CAN LOG IN SINCE 1 HOUR!! EVERYTHING IS BLANK SCREEN FIX THIS NOW!!,Kigali Beauty Platform,CRITICAL,CRITICAL,Nobody can log in to work. Big emergency.
177,Database replication failure causing mass data loss,The core data cluster has failed after the last deploy. Active client records are no longer visible on any dashboard.,Kigali Beauty Platform,CRITICAL,CRITICAL,All client records are missing from the screen. Team is stuck.
178,need documentation guide,looking for an instruction link on how to manage user profiles on the platform.,Butare School Portal,LOW,LOW,Customer needs a simple guide on how to add a worker.
179,how to put new worker inside (#757),hello we have new person coming next week. how do we add them inside app? you have simple video or text link? thanks,Rubavu Agri Market,LOW,LOW,Customer needs a simple guide on how to add a worker.
180,Typo correction in settings menu localization file,The string asset for account_label contains a typo where 'account' is rendered as 'acount'. This needs to be polished in the next patch update.,Musanze Delivery App,LOW,LOW,Small spelling error found on the settings page.
181,JWT token expiration time set to 300 seconds instead of 7200,"The session timeout variable on the frontend environment config is hardcoded to 5 minutes, ignoring the global database parameter setting.",Gitarama Pharmacy Web,MEDIUM,MEDIUM,The application logs users out way too fast.
182,invoice money wrong count,hello bill we get today is wrong number. it say 600 but agreement is 400. please look and send true one,Musanze Delivery App,HIGH,MEDIUM,Wrong bill total on the monthly client invoice.
183,ALL LOGIN IS BROKEN HELP!!! (#271),NOBODY IN THE WHOLE OFFICE CAN LOG IN SINCE 1 HOUR!! EVERYTHING IS BLANK SCREEN FIX THIS NOW!!,Remera Tax Portal,CRITICAL,CRITICAL,Nobody can log in to work. Big emergency.
184,THERE IS A TYPO ON THE SETTINGS PAGE!!! (#513),IT SAYS ACOUNT INSTEAD OF ACCOUNT FIX THIS MINOR SPELLING MISTAKE IN THE NEXT SPRINT UPDATE!!,Rubavu Agri Market,LOW,LOW,Small spelling error found on the settings page.
185,getting logged out constantly,the system keeps forcing me back to the sign-in screen during active intervals.,Kigali Beauty Platform,MEDIUM,MEDIUM,The application logs users out way too fast.
186,Typo correction in settings menu localization file,The string asset for account_label contains a typo where 'account' is rendered as 'acount'. This needs to be polished in the next patch update.,Nyamirambo Retail App,LOW,LOW,Small spelling error found on the settings page.
187,change button look blue color (#108),can we change green button to blue color? blue is nice for our company brand. no rush when you have time,Kimironko Shop System,LOW,LOW,Client wants to change a button color from green to blue.
188,login not open code error (#723),everyone try to enter password but it say wrong token loop. nobody can do work today please fix now now,Rubavu Agri Market,CRITICAL,CRITICAL,Nobody can log in to work. Big emergency.
189,File upload failing with unhandled 413 exception,"When clients upload files larger than 1MB on Chrome v114, the system crashes without error messages. This is blocking the compliance team onboarding loop.",Musanze Delivery App,HIGH,HIGH,File upload button is broken. Users cannot add attachments.
190,PDF export missing key custom data rows (#328),"When downloading the analytics dashboard summary, the generated file fails to render the customized narrative rows present in the web layout.",Kanombe Cargo System,MEDIUM,MEDIUM,Text is missing when exporting reports to a paper file.
191,Invoice microservice rounding error on calculation (#224),"Invoice #2938 shows a subtotal of $600 due to a tax configuration error, which contradicts the fixed $400 amount stated in our contract parameters.",Remera Tax Portal,MEDIUM,MEDIUM,Wrong bill total on the monthly client invoice.
192,invoice money wrong count,hello bill we get today is wrong number. it say 600 but agreement is 400. please look and send true one,Kigali Beauty Platform,MEDIUM,MEDIUM,Wrong bill total on the monthly client invoice.
193,color change request,we want to alter some accent layouts on the main display page when you have extra sprint bandwidth.,Butare School Portal,MEDIUM,LOW,Client wants to change a button color from green to blue.
194,WRONG BILL AMOUNT AGAIN!!! (#911),OUR INVOICE SAYS 600 DOLLARS BUT OUR CONTRACT IS ONLY 400 DOLLARS PLEASE FIX THIS DISCREPANCY TODAY!!,Remera Tax Portal,MEDIUM,MEDIUM,Wrong bill total on the monthly client invoice.
195,DATA IS COMPLETELY GONE!!!,I OPENED THE PAGE AND EVERY CLIENT RECORD IS DELETED WE ARE PANICKING FIX IT NOW NOW!!,Musanze Delivery App,CRITICAL,CRITICAL,All client records are missing from the screen. Team is stuck.
196,Inquiry regarding user onboarding manual availability (#637),Could you provide a quick reference guide or video tutorial covering the addition of new staff accounts for our upcoming internal training session?,Gisenyi Hotel Booking,LOW,LOW,Customer needs a simple guide on how to add a worker.
197,Total payment gateway checkout freeze,The primary mobile money and card processing link has stopped working. Every live transaction is hanging indefinitely and failing.,Kimironko Shop System,MEDIUM,CRITICAL,Mobile money payment is failing but taking customer money.
198,photo upload not work error (#603),we try to put photo or paper pdf file inside but it say fail. we need this today for daily job please repair soon,Kanombe Cargo System,HIGH,HIGH,File upload button is broken. Users cannot add attachments.
199,spelling typo found,there is a small wording mistake inside one of the description blocks in the user settings menu.,Musanze Delivery App,MEDIUM,LOW,Small spelling error found on the settings page.
200,reports page loading error (#739),the page keeps spinning and won't display any numbers for our team.,Remera Tax Portal,HIGH,HIGH,The system is loading too slow and timing out.
201,Minor typo identified within settings layout,There is a minor spelling error in the account configuration tab where 'account' is misspelled with a single 'c'. Cosmetic fix.,Gisenyi Hotel Booking,LOW,LOW,Small spelling error found on the settings page.
202,FILE UPLOAD IS TOTALLY BROKEN!!!,WE CANNOT UPLOAD PDF OR PHOTOS FOR OUR WORK TODAY IT SAYS FAILED ALWAYS FIX THIS SOON IT IS VERY FRUSTRATING!!,Kanombe Cargo System,HIGH,HIGH,File upload button is broken. Users cannot add attachments.
203,THE TEXT IS MISSING FROM THE PDF EXPORT!!!,IT SHOWS ON THE COMPUTER SCREEN BUT THE DOWNLOADED PAPER FILE IS COMPLETELY BLANK REMOVE THIS BUG!!,Remera Tax Portal,MEDIUM,MEDIUM,Text is missing when exporting reports to a paper file.
204,need documentation guide (#538),looking for an instruction link on how to manage user profiles on the platform.,Kimironko Shop System,LOW,LOW,Customer needs a simple guide on how to add a worker.
205,Critical system crash on payment module (#490),"Since the update at 3pm, users get a blank screen and 500 error when clicking pay. Affected domain: /api/checkout. Error code: GATEWAY_TIMEOUT. All users blocked.",Kimironko Shop System,CRITICAL,CRITICAL,Mobile money payment is failing but taking customer money.
206,system slow loading loop (#760),open page take too long time then say timeout error. we cannot do reporting today because it loop. please check why slow,Musanze Delivery App,HIGH,HIGH,The system is loading too slow and timing out.
207,THERE IS A TYPO ON THE SETTINGS PAGE!!!,IT SAYS ACOUNT INSTEAD OF ACCOUNT FIX THIS MINOR SPELLING MISTAKE IN THE NEXT SPRINT UPDATE!!,Kigali Beauty Platform,MEDIUM,LOW,Small spelling error found on the settings page.
208,JWT token expiration time set to 300 seconds instead of 7200,"The session timeout variable on the frontend environment config is hardcoded to 5 minutes, ignoring the global database parameter setting.",Musanze Delivery App,MEDIUM,MEDIUM,The application logs users out way too fast.
209,money go out but order fail,customer buy things but payment say error. mobile money take their cash but no order inside system. big problem help,Gisenyi Hotel Booking,CRITICAL,CRITICAL,Mobile money payment is failing but taking customer money.
210,WRONG BILL AMOUNT AGAIN!!!,OUR INVOICE SAYS 600 DOLLARS BUT OUR CONTRACT IS ONLY 400 DOLLARS PLEASE FIX THIS DISCREPANCY TODAY!!,Musanze Delivery App,MEDIUM,MEDIUM,Wrong bill total on the monthly client invoice.
211,Production server completely unreachable,We are experiencing an unrecoverable system outage. All active API nodes are throwing a blank 500 error page. Operations are fully stopped.,Nyamirambo Retail App,CRITICAL,CRITICAL,The main link is completely broken. Business is stopped.
212,Automated transactional email notifications are stuck (#875),The background worker process is failing to dispatch registration confirmation emails. This is causing significant backlog for onboarding.,Gisenyi Hotel Booking,HIGH,HIGH,New signup emails are not sending out today.
213,Automated transactional email notifications are stuck,The background worker process is failing to dispatch registration confirmation emails. This is causing significant backlog for onboarding.,Kanombe Cargo System,HIGH,HIGH,New signup emails are not sending out today.
214,color change request,we want to alter some accent layouts on the main display page when you have extra sprint bandwidth.,Gitarama Pharmacy Web,LOW,LOW,Client wants to change a button color from green to blue.
215,emails are down,nobody is getting any automated responses from the portal today.,Kimironko Shop System,HIGH,HIGH,New signup emails are not sending out today.
216,Request to modify CSS color property on confirmation button,Please update the primary button class from background-color: #28a745 to #007bff to stay compliant with our internal brand guidebook.,Gisenyi Hotel Booking,LOW,LOW,Client wants to change a button color from green to blue.
217,Database replication failure causing mass data loss (#624),The core data cluster has failed after the last deploy. Active client records are no longer visible on any dashboard.,Musanze Delivery App,CRITICAL,CRITICAL,All client records are missing from the screen. Team is stuck.
218,app died,it just stopped working and shows a blank white screen since morning.,Gitarama Pharmacy Web,LOW,CRITICAL,The screen is frozen for everyone. Urgent fix needed.
219,CHANGE THIS UGLY BUTTON COLOR TO BLUE!!!,THE GREEN COLOR DOES NOT MATCH OUR BRAND Guidelines AT ALL CHANGE IT TO BLUE WHEN YOU HAVE A MINUTE!!,Butare School Portal,LOW,LOW,Client wants to change a button color from green to blue.
220,File attachment module throwing errors (#553),Users are unable to upload any compliance documentation or image files. The system rejects the payload at 99% with an unhandled exception.,Musanze Delivery App,HIGH,HIGH,File upload button is broken. Users cannot add attachments.
221,app logout too quick,system log out every 5 minute when stop typing. very annoying to type long passwrd again again. make long time please,Musanze Delivery App,MEDIUM,MEDIUM,The application logs users out way too fast.
222,pdf download missing data,the exported file doesn't match what we see on our web dashboard layer.,Rubavu Agri Market,MEDIUM,MEDIUM,Text is missing when exporting reports to a paper file.
223,Request to modify CSS color property on confirmation button (#108),Please update the primary button class from background-color: #28a745 to #007bff to stay compliant with our internal brand guidebook.,Nyamirambo Retail App,LOW,LOW,Client wants to change a button color from green to blue.
224,the button color looks a bit off,the green shade used on the main screen dashboard does not match our style guidelines precisely. please alter whenever convenient.,Gitarama Pharmacy Web,LOW,LOW,Client wants to change a button color from green to blue.
225,THE APP LOGS ME OUT EVERY 5 MINUTES!!!,THIS IS SO ANNOYING I HAVE TO RE-ENTER MY PASSWORD EVERY TIME I STOP TYPING FOR A SECOND MAKE THE TIME LONGER!!,Gisenyi Hotel Booking,MEDIUM,MEDIUM,The application logs users out way too fast.
226,FILE UPLOAD IS TOTALLY BROKEN!!! (#822),WE CANNOT UPLOAD PDF OR PHOTOS FOR OUR WORK TODAY IT SAYS FAILED ALWAYS FIX THIS SOON IT IS VERY FRUSTRATING!!,Kigali Beauty Platform,HIGH,HIGH,File upload button is broken. Users cannot add attachments.
227,login not open code error,everyone try to enter password but it say wrong token loop. nobody can do work today please fix now now,Gisenyi Hotel Booking,CRITICAL,CRITICAL,Nobody can log in to work. Big emergency.
228,spelling bad word in account setup (#656),i see small mistake in setting tab text. it say 'acount' instead of true spelling. just minor thing for next update,Kanombe Cargo System,LOW,LOW,Small spelling error found on the settings page.
229,FILE UPLOAD IS TOTALLY BROKEN!!! (#209),WE CANNOT UPLOAD PDF OR PHOTOS FOR OUR WORK TODAY IT SAYS FAILED ALWAYS FIX THIS SOON IT IS VERY FRUSTRATING!!,Nyamirambo Retail App,HIGH,HIGH,File upload button is broken. Users cannot add attachments.
230,hello site not working help (#350),the whole app is broken we click click nothing happens screen is white blank please help fast business stop,Kanombe Cargo System,CRITICAL,CRITICAL,The entire app is down. Customers cannot buy anything.
231,color change request,we want to alter some accent layouts on the main display page when you have extra sprint bandwidth.,Gitarama Pharmacy Web,LOW,LOW,Client wants to change a button color from green to blue.
232,reports page loading error (#495),the page keeps spinning and won't display any numbers for our team.,Nyamirambo Retail App,HIGH,HIGH,The system is loading too slow and timing out.
233,THERE IS A TYPO ON THE SETTINGS PAGE!!!,IT SAYS ACOUNT INSTEAD OF ACCOUNT FIX THIS MINOR SPELLING MISTAKE IN THE NEXT SPRINT UPDATE!!,Kimironko Shop System,CRITICAL,LOW,Small spelling error found on the settings page.
234,Ransomware popup on live web server admin link,Our live system admin page has been hijacked. It displays an external hacker alert demanding payment and all staff authentication tokens are rejected.,Rubavu Agri Market,CRITICAL,CRITICAL,The main link is completely broken. Business is stopped.
235,Database query causing 504 gateway timeout on reports (#904),"The SQL query for gathering monthly sales metrics lacks an index on the client_id column, causing a 45 second lock. The sales team cannot open reports.",Remera Tax Portal,HIGH,HIGH,The system is loading too slow and timing out.
236,how to put new worker inside (#357),hello we have new person coming next week. how do we add them inside app? you have simple video or text link? thanks,Rubavu Agri Market,LOW,LOW,Customer needs a simple guide on how to add a worker.
237,attachments broken,the upload section is not accepting any files from our side.,Kigali Beauty Platform,HIGH,HIGH,File upload button is broken. Users cannot add attachments.
238,Total payment gateway checkout freeze,The primary mobile money and card processing link has stopped working. Every live transaction is hanging indefinitely and failing.,Rubavu Agri Market,LOW,CRITICAL,Mobile money payment is failing but taking customer money.
239,photo upload not work error (#659),we try to put photo or paper pdf file inside but it say fail. we need this today for daily job please repair soon,Remera Tax Portal,HIGH,HIGH,File upload button is broken. Users cannot add attachments.
240,attachments broken,the upload section is not accepting any files from our side.,Nyamirambo Retail App,HIGH,HIGH,File upload button is broken. Users cannot add attachments.
241,File attachment module throwing errors (#445),Users are unable to upload any compliance documentation or image files. The system rejects the payload at 99% with an unhandled exception.,Nyamirambo Retail App,HIGH,HIGH,File upload button is broken. Users cannot add attachments.
242,system failure,the app is completely dead for all our office workers.,Gisenyi Hotel Booking,CRITICAL,CRITICAL,The entire app is down. Customers cannot buy anything.
243,system slow loading loop,open page take too long time then say timeout error. we cannot do reporting today because it loop. please check why slow,Rubavu Agri Market,HIGH,HIGH,The system is loading too slow and timing out.
244,PDF layout stream omitting custom text blocks,"The export module is failing to map the data stream variable to the document layout, causing blank rows in downloaded reports while web view is fine.",Kimironko Shop System,MEDIUM,MEDIUM,Text is missing when exporting reports to a paper file.
245,photo upload not work error (#469),we try to put photo or paper pdf file inside but it say fail. we need this today for daily job please repair soon,Rubavu Agri Market,HIGH,HIGH,File upload button is broken. Users cannot add attachments.
246,everything is broken (#501),the system is down and nobody can do anything today.,Rubavu Agri Market,CRITICAL,CRITICAL,The entire app is down. Customers cannot buy anything.
247,Billing mismatch on monthly system invoice,"The automated invoicing system generated an incorrect total for this period, billing $600 instead of our baseline retainer of $400.",Gisenyi Hotel Booking,MEDIUM,MEDIUM,Wrong bill total on the monthly client invoice.
248,PDF export missing key custom data rows (#634),"When downloading the analytics dashboard summary, the generated file fails to render the customized narrative rows present in the web layout.",Gitarama Pharmacy Web,MEDIUM,MEDIUM,Text is missing when exporting reports to a paper file.
249,pdf download missing data (#227),the exported file doesn't match what we see on our web dashboard layer.,Remera Tax Portal,MEDIUM,MEDIUM,Text is missing when exporting reports to a paper file.
250,Critical system crash on payment module,"Since the update at 3pm, users get a blank screen and 500 error when clicking pay. Affected domain: /api/checkout. Error code: GATEWAY_TIMEOUT. All users blocked.",Gisenyi Hotel Booking,CRITICAL,CRITICAL,Mobile money payment is failing but taking customer money.
251,Critical system crash on payment module (#894),"Since the update at 3pm, users get a blank screen and 500 error when clicking pay. Affected domain: /api/checkout. Error code: GATEWAY_TIMEOUT. All users blocked.",Gisenyi Hotel Booking,CRITICAL,CRITICAL,Mobile money payment is failing but taking customer money.
252,THE TEXT IS MISSING FROM THE PDF EXPORT!!! (#147),IT SHOWS ON THE COMPUTER SCREEN BUT THE DOWNLOADED PAPER FILE IS COMPLETELY BLANK REMOVE THIS BUG!!,Nyamirambo Retail App,MEDIUM,MEDIUM,Text is missing when exporting reports to a paper file.
253,DASHBOARD LOADING FOREVER!!! (#356),THE SYSTEM IS SO SLOW IT TAKES 3 MINUTES THEN GIVES TIMEOUT ERROR WE CANNOT SEE THE DAILY REPORTS TODAY!!,Butare School Portal,HIGH,HIGH,The system is loading too slow and timing out.
254,Automated transactional email notifications are stuck,The background worker process is failing to dispatch registration confirmation emails. This is causing significant backlog for onboarding.,Butare School Portal,HIGH,HIGH,New signup emails are not sending out today.
255,invoice money wrong count (#702),hello bill we get today is wrong number. it say 600 but agreement is 400. please look and send true one,Kanombe Cargo System,MEDIUM,MEDIUM,Wrong bill total on the monthly client invoice.
256,Production server completely unreachable (#339),We are experiencing an unrecoverable system outage. All active API nodes are throwing a blank 500 error page. Operations are fully stopped.,Rubavu Agri Market,MEDIUM,CRITICAL,The main link is completely broken. Business is stopped.
257,Inquiry regarding user onboarding manual availability (#279),Could you provide a quick reference guide or video tutorial covering the addition of new staff accounts for our upcoming internal training session?,Kimironko Shop System,LOW,LOW,Customer needs a simple guide on how to add a worker.
258,Ransomware popup on live web server admin link,Our live system admin page has been hijacked. It displays an external hacker alert demanding payment and all staff authentication tokens are rejected.,Kanombe Cargo System,CRITICAL,CRITICAL,The main link is completely broken. Business is stopped.
259,Inquiry regarding user onboarding manual availability (#678),Could you provide a quick reference guide or video tutorial covering the addition of new staff accounts for our upcoming internal training session?,Kimironko Shop System,LOW,LOW,Customer needs a simple guide on how to add a worker.
260,Critical system crash on payment module,"Since the update at 3pm, users get a blank screen and 500 error when clicking pay. Affected domain: /api/checkout. Error code: GATEWAY_TIMEOUT. All users blocked.",Nyamirambo Retail App,LOW,CRITICAL,Mobile money payment is failing but taking customer money.
261,Billing mismatch on monthly system invoice (#839),"The automated invoicing system generated an incorrect total for this period, billing $600 instead of our baseline retainer of $400.",Gitarama Pharmacy Web,MEDIUM,MEDIUM,Wrong bill total on the monthly client invoice.
262,need documentation guide,looking for an instruction link on how to manage user profiles on the platform.,Butare School Portal,LOW,LOW,Customer needs a simple guide on how to add a worker.
263,DASHBOARD LOADING FOREVER!!!,THE SYSTEM IS SO SLOW IT TAKES 3 MINUTES THEN GIVES TIMEOUT ERROR WE CANNOT SEE THE DAILY REPORTS TODAY!!,Nyamirambo Retail App,MEDIUM,HIGH,The system is loading too slow and timing out.
264,spelling bad word in account setup,i see small mistake in setting tab text. it say 'acount' instead of true spelling. just minor thing for next update,Kigali Beauty Platform,LOW,LOW,Small spelling error found on the settings page.
265,login not open code error (#314),everyone try to enter password but it say wrong token loop. nobody can do work today please fix now now,Remera Tax Portal,MEDIUM,CRITICAL,Nobody can log in to work. Big emergency.
266,THERE IS A TYPO ON THE SETTINGS PAGE!!! (#591),IT SAYS ACOUNT INSTEAD OF ACCOUNT FIX THIS MINOR SPELLING MISTAKE IN THE NEXT SPRINT UPDATE!!,Gitarama Pharmacy Web,LOW,LOW,Small spelling error found on the settings page.
267,getting logged out constantly,the system keeps forcing me back to the sign-in screen during active intervals.,Nyamirambo Retail App,MEDIUM,MEDIUM,The application logs users out way too fast.
268,Automated transactional email notifications are stuck,The background worker process is failing to dispatch registration confirmation emails. This is causing significant backlog for onboarding.,Musanze Delivery App,HIGH,HIGH,New signup emails are not sending out today.
269,WRONG BILL AMOUNT AGAIN!!! (#515),OUR INVOICE SAYS 600 DOLLARS BUT OUR CONTRACT IS ONLY 400 DOLLARS PLEASE FIX THIS DISCREPANCY TODAY!!,Kanombe Cargo System,MEDIUM,MEDIUM,Wrong bill total on the monthly client invoice.
270,PDF layout stream omitting custom text blocks (#495),"The export module is failing to map the data stream variable to the document layout, causing blank rows in downloaded reports while web view is fine.",Butare School Portal,MEDIUM,MEDIUM,Text is missing when exporting reports to a paper file.
271,Inquiry regarding documentation assets for multi-tenant administration (#508),We are setting up internal knowledge base articles and require the video walkthrough link for adding and configuring new corporate roles.,Gitarama Pharmacy Web,LOW,LOW,Customer needs a simple guide on how to add a worker.
272,Complete session database corruption after deploy (#712),"After the recent build pipeline finished, all users are kicked into a login loop. Token verification throws an unhandled null pointer error. Nobody can access dashboards.",Kanombe Cargo System,HIGH,CRITICAL,Nobody can log in to work. Big emergency.
273,change button look blue color (#963),can we change green button to blue color? blue is nice for our company brand. no rush when you have time,Rubavu Agri Market,LOW,LOW,Client wants to change a button color from green to blue.
274,change button look blue color (#299),can we change green button to blue color? blue is nice for our company brand. no rush when you have time,Kigali Beauty Platform,LOW,LOW,Client wants to change a button color from green to blue.
275,EMAILS ARE NOT GOING TO CLIENTS!!!,NEW SIGNUP EMAILS ARE FULLY STUCK AND CUSTOMERS ARE COMPLAINING FIX THIS NOW TODAY!!,Kigali Beauty Platform,LOW,HIGH,New signup emails are not sending out today.
276,File attachment module throwing errors,Users are unable to upload any compliance documentation or image files. The system rejects the payload at 99% with an unhandled exception.,Musanze Delivery App,HIGH,HIGH,File upload button is broken. Users cannot add attachments.
277,attachments broken (#333),the upload section is not accepting any files from our side.,Nyamirambo Retail App,HIGH,HIGH,File upload button is broken. Users cannot add attachments.
278,DASHBOARD LOADING FOREVER!!! (#572),THE SYSTEM IS SO SLOW IT TAKES 3 MINUTES THEN GIVES TIMEOUT ERROR WE CANNOT SEE THE DAILY REPORTS TODAY!!,Gisenyi Hotel Booking,HIGH,HIGH,The system is loading too slow and timing out.
279,Minor typo identified within settings layout (#890),There is a minor spelling error in the account configuration tab where 'account' is misspelled with a single 'c'. Cosmetic fix.,Gitarama Pharmacy Web,LOW,LOW,Small spelling error found on the settings page.
280,spelling bad word in account setup,i see small mistake in setting tab text. it say 'acount' instead of true spelling. just minor thing for next update,Rubavu Agri Market,LOW,LOW,Small spelling error found on the settings page.
281,Request to modify CSS color property on confirmation button (#695),Please update the primary button class from background-color: #28a745 to #007bff to stay compliant with our internal brand guidebook.,Musanze Delivery App,LOW,LOW,Client wants to change a button color from green to blue.
282,app died,it just stopped working and shows a blank white screen since morning.,Kanombe Cargo System,CRITICAL,CRITICAL,The screen is frozen for everyone. Urgent fix needed.
283,reports page loading error (#290),the page keeps spinning and won't display any numbers for our team.,Nyamirambo Retail App,HIGH,HIGH,The system is loading too slow and timing out.
284,Minor typo identified within settings layout,There is a minor spelling error in the account configuration tab where 'account' is misspelled with a single 'c'. Cosmetic fix.,Kigali Beauty Platform,LOW,LOW,Small spelling error found on the settings page.
285,WHERE IS THE ONBOARDING MANUAL OR VIDEO?? (#605),WE HAVE INTERNS STARTING NEXT WEEK AND NEED A SIMPLE GUIDE TO SHOW THEM HOW TO USE THIS PLATFORM SEND IT!!,Kanombe Cargo System,LOW,LOW,Customer needs a simple guide on how to add a worker.
286,Inquiry regarding user onboarding manual availability,Could you provide a quick reference guide or video tutorial covering the addition of new staff accounts for our upcoming internal training session?,Kimironko Shop System,LOW,LOW,Customer needs a simple guide on how to add a worker.
287,EMAILS ARE NOT GOING TO CLIENTS!!! (#979),NEW SIGNUP EMAILS ARE FULLY STUCK AND CUSTOMERS ARE COMPLAINING FIX THIS NOW TODAY!!,Gitarama Pharmacy Web,CRITICAL,HIGH,New signup emails are not sending out today.
288,CHANGE THIS UGLY BUTTON COLOR TO BLUE!!!,THE GREEN COLOR DOES NOT MATCH OUR BRAND Guidelines AT ALL CHANGE IT TO BLUE WHEN YOU HAVE A MINUTE!!,Butare School Portal,LOW,LOW,Client wants to change a button color from green to blue.
289,app logout too quick,system log out every 5 minute when stop typing. very annoying to type long passwrd again again. make long time please,Kigali Beauty Platform,MEDIUM,MEDIUM,The application logs users out way too fast.
290,pdf download missing data,the exported file doesn't match what we see on our web dashboard layer.,Kimironko Shop System,MEDIUM,MEDIUM,Text is missing when exporting reports to a paper file.
291,ALL LOGIN IS BROKEN HELP!!!,NOBODY IN THE WHOLE OFFICE CAN LOG IN SINCE 1 HOUR!! EVERYTHING IS BLANK SCREEN FIX THIS NOW!!,Gitarama Pharmacy Web,CRITICAL,CRITICAL,Nobody can log in to work. Big emergency.
292,WRONG BILL AMOUNT AGAIN!!! (#452),OUR INVOICE SAYS 600 DOLLARS BUT OUR CONTRACT IS ONLY 400 DOLLARS PLEASE FIX THIS DISCREPANCY TODAY!!,Kigali Beauty Platform,CRITICAL,MEDIUM,Wrong bill total on the monthly client invoice.
293,Critical system crash on payment module (#275),"Since the update at 3pm, users get a blank screen and 500 error when clicking pay. Affected domain: /api/checkout. Error code: GATEWAY_TIMEOUT. All users blocked.",Musanze Delivery App,HIGH,CRITICAL,Mobile money payment is failing but taking customer money.
294,change button look blue color (#778),can we change green button to blue color? blue is nice for our company brand. no rush when you have time,Remera Tax Portal,LOW,LOW,Client wants to change a button color from green to blue.
295,APP IS COMPLETELY DOWN NOW NOW!!!,WE ARE LOSING EVERY SINGLE CUSTOMER MONEY IS FAILING SYSTEM IS FROZEN PLS FIX ASAP!!!!,Kigali Beauty Platform,CRITICAL,CRITICAL,The entire app is down. Customers cannot buy anything.
296,money go out but order fail,customer buy things but payment say error. mobile money take their cash but no order inside system. big problem help,Butare School Portal,LOW,CRITICAL,Mobile money payment is failing but taking customer money.
297,need documentation guide,looking for an instruction link on how to manage user profiles on the platform.,Remera Tax Portal,LOW,LOW,Customer needs a simple guide on how to add a worker.
298,system slow loading loop (#326),open page take too long time then say timeout error. we cannot do reporting today because it loop. please check why slow,Gitarama Pharmacy Web,HIGH,HIGH,The system is loading too slow and timing out.
299,attachments broken (#851),the upload section is not accepting any files from our side.,Kanombe Cargo System,HIGH,HIGH,File upload button is broken. Users cannot add attachments.
300,Severe performance latency causing gateway timeouts (#876),"The main analytical reports page is experiencing massive response delays, averaging 45 seconds before dropping the connection. Sales team cannot work.",Kanombe Cargo System,HIGH,HIGH,The system is loading too slow and timing out.
301,Severe performance latency causing gateway timeouts (#565),"The main analytical reports page is experiencing massive response delays, averaging 45 seconds before dropping the connection. Sales team cannot work.",Kanombe Cargo System,HIGH,HIGH,The system is loading too slow and timing out.
302,text not inside printed report,we add words on screen but when downlod pdf file that text is gone paper look empty. check when free,Gitarama Pharmacy Web,MEDIUM,MEDIUM,Text is missing when exporting reports to a paper file.
303,EMAILS ARE NOT GOING TO CLIENTS!!!,NEW SIGNUP EMAILS ARE FULLY STUCK AND CUSTOMERS ARE COMPLAINING FIX THIS NOW TODAY!!,Musanze Delivery App,HIGH,HIGH,New signup emails are not sending out today.
304,photo upload not work error,we try to put photo or paper pdf file inside but it say fail. we need this today for daily job please repair soon,Remera Tax Portal,HIGH,HIGH,File upload button is broken. Users cannot add attachments.
305,Production server completely unreachable (#917),We are experiencing an unrecoverable system outage. All active API nodes are throwing a blank 500 error page. Operations are fully stopped.,Remera Tax Portal,CRITICAL,CRITICAL,The main link is completely broken. Business is stopped.
306,payment gateway completely down no one can pay,EVERY TRANSACTION IS FAILING ON ALL BROWSERS AND SYSTEMS MOBILE MONEY IS COMPLETELY BLOCKED BUSINESS IS FULLY STOPPED FIX NOW NOW!!,Kanombe Cargo System,CRITICAL,CRITICAL,Mobile money payment is failing but taking customer money.
307,Request to alter UI button accent hex code (#498),Could we update the primary action button color to a blue accent to better match our corporate identity system guidelines? Low priority.,Kanombe Cargo System,LOW,LOW,Client wants to change a button color from green to blue.
308,PDF layout stream omitting custom text blocks,"The export module is failing to map the data stream variable to the document layout, causing blank rows in downloaded reports while web view is fine.",Musanze Delivery App,MEDIUM,MEDIUM,Text is missing when exporting reports to a paper file.
309,spelling bad word in account setup,i see small mistake in setting tab text. it say 'acount' instead of true spelling. just minor thing for next update,Rubavu Agri Market,LOW,LOW,Small spelling error found on the settings page.
310,system slow loading loop (#356),open page take too long time then say timeout error. we cannot do reporting today because it loop. please check why slow,Gisenyi Hotel Booking,LOW,HIGH,The system is loading too slow and timing out.
311,Total payment gateway checkout freeze,The primary mobile money and card processing link has stopped working. Every live transaction is hanging indefinitely and failing.,Gisenyi Hotel Booking,CRITICAL,CRITICAL,Mobile money payment is failing but taking customer money.
312,DASHBOARD LOADING FOREVER!!!,THE SYSTEM IS SO SLOW IT TAKES 3 MINUTES THEN GIVES TIMEOUT ERROR WE CANNOT SEE THE DAILY REPORTS TODAY!!,Butare School Portal,HIGH,HIGH,The system is loading too slow and timing out.
313,login not open code error,everyone try to enter password but it say wrong token loop. nobody can do work today please fix now now,Remera Tax Portal,MEDIUM,CRITICAL,Nobody can log in to work. Big emergency.
314,photo upload not work error,we try to put photo or paper pdf file inside but it say fail. we need this today for daily job please repair soon,Kigali Beauty Platform,HIGH,HIGH,File upload button is broken. Users cannot add attachments.
315,PDF layout stream omitting custom text blocks,"The export module is failing to map the data stream variable to the document layout, causing blank rows in downloaded reports while web view is fine.",Musanze Delivery App,LOW,MEDIUM,Text is missing when exporting reports to a paper file.
316,attachments broken,the upload section is not accepting any files from our side.,Butare School Portal,HIGH,HIGH,File upload button is broken. Users cannot add attachments.
317,DASHBOARD LOADING FOREVER!!! (#473),THE SYSTEM IS SO SLOW IT TAKES 3 MINUTES THEN GIVES TIMEOUT ERROR WE CANNOT SEE THE DAILY REPORTS TODAY!!,Kanombe Cargo System,HIGH,HIGH,The system is loading too slow and timing out.
318,FILE UPLOAD IS TOTALLY BROKEN!!!,WE CANNOT UPLOAD PDF OR PHOTOS FOR OUR WORK TODAY IT SAYS FAILED ALWAYS FIX THIS SOON IT IS VERY FRUSTRATING!!,Kanombe Cargo System,HIGH,HIGH,File upload button is broken. Users cannot add attachments.
319,login not open code error,everyone try to enter password but it say wrong token loop. nobody can do work today please fix now now,Nyamirambo Retail App,CRITICAL,CRITICAL,Nobody can log in to work. Big emergency.
320,getting logged out constantly (#245),the system keeps forcing me back to the sign-in screen during active intervals.,Nyamirambo Retail App,HIGH,MEDIUM,The application logs users out way too fast.
321,emails are down,nobody is getting any automated responses from the portal today.,Nyamirambo Retail App,HIGH,HIGH,New signup emails are not sending out today.
322,how to put new worker inside (#453),hello we have new person coming next week. how do we add them inside app? you have simple video or text link? thanks,Butare School Portal,LOW,LOW,Customer needs a simple guide on how to add a worker.
323,DASHBOARD LOADING FOREVER!!!,THE SYSTEM IS SO SLOW IT TAKES 3 MINUTES THEN GIVES TIMEOUT ERROR WE CANNOT SEE THE DAILY REPORTS TODAY!!,Kanombe Cargo System,HIGH,HIGH,The system is loading too slow and timing out.
324,Invoice microservice rounding error on calculation (#819),"Invoice #2938 shows a subtotal of $600 due to a tax configuration error, which contradicts the fixed $400 amount stated in our contract parameters.",Butare School Portal,MEDIUM,MEDIUM,Wrong bill total on the monthly client invoice.
325,Inquiry regarding user onboarding manual availability,Could you provide a quick reference guide or video tutorial covering the addition of new staff accounts for our upcoming internal training session?,Rubavu Agri Market,LOW,LOW,Customer needs a simple guide on how to add a worker.
326,invoice error (#205),the price on the invoice sheet does not match our profile records.,Gitarama Pharmacy Web,MEDIUM,MEDIUM,Wrong bill total on the monthly client invoice.
327,app logout too quick (#351),system log out every 5 minute when stop typing. very annoying to type long passwrd again again. make long time please,Kigali Beauty Platform,MEDIUM,MEDIUM,The application logs users out way too fast.
328,app logout too quick,system log out every 5 minute when stop typing. very annoying to type long passwrd again again. make long time please,Gitarama Pharmacy Web,MEDIUM,MEDIUM,The application logs users out way too fast.
329,WRONG BILL AMOUNT AGAIN!!!,OUR INVOICE SAYS 600 DOLLARS BUT OUR CONTRACT IS ONLY 400 DOLLARS PLEASE FIX THIS DISCREPANCY TODAY!!,Gitarama Pharmacy Web,MEDIUM,MEDIUM,Wrong bill total on the monthly client invoice.
330,reports page loading error,the page keeps spinning and won't display any numbers for our team.,Butare School Portal,HIGH,HIGH,The system is loading too slow and timing out.
331,invoice error,the price on the invoice sheet does not match our profile records.,Kimironko Shop System,CRITICAL,MEDIUM,Wrong bill total on the monthly client invoice.
332,pdf download missing data,the exported file doesn't match what we see on our web dashboard layer.,Kigali Beauty Platform,MEDIUM,MEDIUM,Text is missing when exporting reports to a paper file.
333,Request to alter UI button accent hex code,Could we update the primary action button color to a blue accent to better match our corporate identity system guidelines? Low priority.,Butare School Portal,LOW,LOW,Client wants to change a button color from green to blue.
334,attachments broken,the upload section is not accepting any files from our side.,Remera Tax Portal,HIGH,HIGH,File upload button is broken. Users cannot add attachments.
335,pdf download missing data,the exported file doesn't match what we see on our web dashboard layer.,Nyamirambo Retail App,MEDIUM,MEDIUM,Text is missing when exporting reports to a paper file.
336,Invoice microservice rounding error on calculation,"Invoice #2938 shows a subtotal of $600 due to a tax configuration error, which contradicts the fixed $400 amount stated in our contract parameters.",Remera Tax Portal,MEDIUM,MEDIUM,Wrong bill total on the monthly client invoice.
337,THE TEXT IS MISSING FROM THE PDF EXPORT!!!,IT SHOWS ON THE COMPUTER SCREEN BUT THE DOWNLOADED PAPER FILE IS COMPLETELY BLANK REMOVE THIS BUG!!,Butare School Portal,MEDIUM,MEDIUM,Text is missing when exporting reports to a paper file.
338,reports page loading error,the page keeps spinning and won't display any numbers for our team.,Kimironko Shop System,HIGH,HIGH,The system is loading too slow and timing out.
339,Inquiry regarding user onboarding manual availability (#729),Could you provide a quick reference guide or video tutorial covering the addition of new staff accounts for our upcoming internal training session?,Butare School Portal,LOW,LOW,Customer needs a simple guide on how to add a worker.
340,PDF export missing key custom data rows,"When downloading the analytics dashboard summary, the generated file fails to render the customized narrative rows present in the web layout.",Nyamirambo Retail App,MEDIUM,MEDIUM,Text is missing when exporting reports to a paper file.
341,WHERE IS THE ONBOARDING MANUAL OR VIDEO??,WE HAVE INTERNS STARTING NEXT WEEK AND NEED A SIMPLE GUIDE TO SHOW THEM HOW TO USE THIS PLATFORM SEND IT!!,Kigali Beauty Platform,LOW,LOW,Customer needs a simple guide on how to add a worker.
342,money go out but order fail,customer buy things but payment say error. mobile money take their cash but no order inside system. big problem help,Gisenyi Hotel Booking,MEDIUM,CRITICAL,Mobile money payment is failing but taking customer money.
343,PDF export missing key custom data rows (#429),"When downloading the analytics dashboard summary, the generated file fails to render the customized narrative rows present in the web layout.",Gitarama Pharmacy Web,MEDIUM,MEDIUM,Text is missing when exporting reports to a paper file.
344,reports page loading error (#219),the page keeps spinning and won't display any numbers for our team.,Remera Tax Portal,HIGH,HIGH,The system is loading too slow and timing out.
345,Database query causing 504 gateway timeout on reports (#558),"The SQL query for gathering monthly sales metrics lacks an index on the client_id column, causing a 45 second lock. The sales team cannot open reports.",Kimironko Shop System,HIGH,HIGH,The system is loading too slow and timing out.
346,emails are down (#143),nobody is getting any automated responses from the portal today.,Musanze Delivery App,HIGH,HIGH,New signup emails are not sending out today.
347,invoice money wrong count (#378),hello bill we get today is wrong number. it say 600 but agreement is 400. please look and send true one,Rubavu Agri Market,LOW,MEDIUM,Wrong bill total on the monthly client invoice.
348,change button look blue color,can we change green button to blue color? blue is nice for our company brand. no rush when you have time,Kimironko Shop System,LOW,LOW,Client wants to change a button color from green to blue.
349,Database query causing 504 gateway timeout on reports (#823),"The SQL query for gathering monthly sales metrics lacks an index on the client_id column, causing a 45 second lock. The sales team cannot open reports.",Kigali Beauty Platform,HIGH,HIGH,The system is loading too slow and timing out.
350,no message coming to customer mail (#259),when new person make sign up they get no email link. yesterday it work fine today nothing. please look fast,Kimironko Shop System,CRITICAL,HIGH,New signup emails are not sending out today.
351,login not open code error (#735),everyone try to enter password but it say wrong token loop. nobody can do work today please fix now now,Butare School Portal,LOW,CRITICAL,Nobody can log in to work. Big emergency.
352,APP IS COMPLETELY DOWN NOW NOW!!!,WE ARE LOSING EVERY SINGLE CUSTOMER MONEY IS FAILING SYSTEM IS FROZEN PLS FIX ASAP!!!!,Kimironko Shop System,CRITICAL,CRITICAL,The entire app is down. Customers cannot buy anything.
353,PDF export missing key custom data rows,"When downloading the analytics dashboard summary, the generated file fails to render the customized narrative rows present in the web layout.",Gisenyi Hotel Booking,MEDIUM,MEDIUM,Text is missing when exporting reports to a paper file.
354,PDF export missing key custom data rows,"When downloading the analytics dashboard summary, the generated file fails to render the customized narrative rows present in the web layout.",Rubavu Agri Market,CRITICAL,MEDIUM,Text is missing when exporting reports to a paper file.
355,WRONG BILL AMOUNT AGAIN!!! (#428),OUR INVOICE SAYS 600 DOLLARS BUT OUR CONTRACT IS ONLY 400 DOLLARS PLEASE FIX THIS DISCREPANCY TODAY!!,Nyamirambo Retail App,MEDIUM,MEDIUM,Wrong bill total on the monthly client invoice.
356,CHANGE THIS UGLY BUTTON COLOR TO BLUE!!!,THE GREEN COLOR DOES NOT MATCH OUR BRAND Guidelines AT ALL CHANGE IT TO BLUE WHEN YOU HAVE A MINUTE!!,Kimironko Shop System,LOW,LOW,Client wants to change a button color from green to blue.
357,login not open code error (#157),everyone try to enter password but it say wrong token loop. nobody can do work today please fix now now,Kimironko Shop System,CRITICAL,CRITICAL,Nobody can log in to work. Big emergency.
358,CHANGE THIS UGLY BUTTON COLOR TO BLUE!!! (#878),THE GREEN COLOR DOES NOT MATCH OUR BRAND Guidelines AT ALL CHANGE IT TO BLUE WHEN YOU HAVE A MINUTE!!,Kimironko Shop System,LOW,LOW,Client wants to change a button color from green to blue.
359,Invoice microservice rounding error on calculation,"Invoice #2938 shows a subtotal of $600 due to a tax configuration error, which contradicts the fixed $400 amount stated in our contract parameters.",Butare School Portal,MEDIUM,MEDIUM,Wrong bill total on the monthly client invoice.
360,Database replication failure causing mass data loss (#206),The core data cluster has failed after the last deploy. Active client records are no longer visible on any dashboard.,Kigali Beauty Platform,MEDIUM,CRITICAL,All client records are missing from the screen. Team is stuck.
361,photo upload not work error (#570),we try to put photo or paper pdf file inside but it say fail. we need this today for daily job please repair soon,Rubavu Agri Market,HIGH,HIGH,File upload button is broken. Users cannot add attachments.
362,DATA IS COMPLETELY GONE!!! (#255),I OPENED THE PAGE AND EVERY CLIENT RECORD IS DELETED WE ARE PANICKING FIX IT NOW NOW!!,Musanze Delivery App,HIGH,CRITICAL,All client records are missing from the screen. Team is stuck.
363,DASHBOARD LOADING FOREVER!!!,THE SYSTEM IS SO SLOW IT TAKES 3 MINUTES THEN GIVES TIMEOUT ERROR WE CANNOT SEE THE DAILY REPORTS TODAY!!,Kigali Beauty Platform,HIGH,HIGH,The system is loading too slow and timing out.
364,WHERE IS THE ONBOARDING MANUAL OR VIDEO?? (#144),WE HAVE INTERNS STARTING NEXT WEEK AND NEED A SIMPLE GUIDE TO SHOW THEM HOW TO USE THIS PLATFORM SEND IT!!,Kanombe Cargo System,LOW,LOW,Customer needs a simple guide on how to add a worker.
365,app died (#271),it just stopped working and shows a blank white screen since morning.,Gisenyi Hotel Booking,CRITICAL,CRITICAL,The screen is frozen for everyone. Urgent fix needed.
366,APP IS COMPLETELY DOWN NOW NOW!!! (#873),WE ARE LOSING EVERY SINGLE CUSTOMER MONEY IS FAILING SYSTEM IS FROZEN PLS FIX ASAP!!!!,Gisenyi Hotel Booking,CRITICAL,CRITICAL,The entire app is down. Customers cannot buy anything.
367,text not inside printed report,we add words on screen but when downlod pdf file that text is gone paper look empty. check when free,Butare School Portal,MEDIUM,MEDIUM,Text is missing when exporting reports to a paper file.
368,everything is broken,the system is down and nobody can do anything today.,Kanombe Cargo System,CRITICAL,CRITICAL,The entire app is down. Customers cannot buy anything.
369,WRONG BILL AMOUNT AGAIN!!!,OUR INVOICE SAYS 600 DOLLARS BUT OUR CONTRACT IS ONLY 400 DOLLARS PLEASE FIX THIS DISCREPANCY TODAY!!,Kanombe Cargo System,MEDIUM,MEDIUM,Wrong bill total on the monthly client invoice.
370,PDF layout stream omitting custom text blocks (#452),"The export module is failing to map the data stream variable to the document layout, causing blank rows in downloaded reports while web view is fine.",Rubavu Agri Market,MEDIUM,MEDIUM,Text is missing when exporting reports to a paper file.
371,Session lifetime parameter expiring prematurely,The authentication token cookie is invalidating after 5 minutes of idle state instead of the configured 2 hours. This disrupts worker workflows.,Musanze Delivery App,MEDIUM,MEDIUM,The application logs users out way too fast.
372,attachments broken,the upload section is not accepting any files from our side.,Remera Tax Portal,HIGH,HIGH,File upload button is broken. Users cannot add attachments.
373,Session lifetime parameter expiring prematurely,The authentication token cookie is invalidating after 5 minutes of idle state instead of the configured 2 hours. This disrupts worker workflows.,Kigali Beauty Platform,CRITICAL,MEDIUM,The application logs users out way too fast.
374,system slow loading loop,open page take too long time then say timeout error. we cannot do reporting today because it loop. please check why slow,Kanombe Cargo System,HIGH,HIGH,The system is loading too slow and timing out.
375,getting logged out constantly,the system keeps forcing me back to the sign-in screen during active intervals.,Remera Tax Portal,MEDIUM,MEDIUM,The application logs users out way too fast.
376,login not open code error (#929),everyone try to enter password but it say wrong token loop. nobody can do work today please fix now now,Butare School Portal,CRITICAL,CRITICAL,Nobody can log in to work. Big emergency.
377,reports page loading error (#301),the page keeps spinning and won't display any numbers for our team.,Nyamirambo Retail App,HIGH,HIGH,The system is loading too slow and timing out.
378,money go out but order fail (#468),customer buy things but payment say error. mobile money take their cash but no order inside system. big problem help,Nyamirambo Retail App,CRITICAL,CRITICAL,Mobile money payment is failing but taking customer money.
379,Session lifetime parameter expiring prematurely (#820),The authentication token cookie is invalidating after 5 minutes of idle state instead of the configured 2 hours. This disrupts worker workflows.,Remera Tax Portal,MEDIUM,MEDIUM,The application logs users out way too fast.
380,reports are not loading at all for our sales team,the sales reporting tab throws a gateway timeout error loop for everyone on our corporate analytics team. we cannot check metrics today.,Gitarama Pharmacy Web,HIGH,HIGH,The system is loading too slow and timing out.
381,text not inside printed report,we add words on screen but when downlod pdf file that text is gone paper look empty. check when free,Rubavu Agri Market,MEDIUM,MEDIUM,Text is missing when exporting reports to a paper file.
382,THE TEXT IS MISSING FROM THE PDF EXPORT!!! (#565),IT SHOWS ON THE COMPUTER SCREEN BUT THE DOWNLOADED PAPER FILE IS COMPLETELY BLANK REMOVE THIS BUG!!,Gitarama Pharmacy Web,MEDIUM,MEDIUM,Text is missing when exporting reports to a paper file.
383,app logout too quick,system log out every 5 minute when stop typing. very annoying to type long passwrd again again. make long time please,Gitarama Pharmacy Web,MEDIUM,MEDIUM,The application logs users out way too fast.
384,Complete session database corruption after deploy (#465),"After the recent build pipeline finished, all users are kicked into a login loop. Token verification throws an unhandled null pointer error. Nobody can access dashboards.",Nyamirambo Retail App,CRITICAL,CRITICAL,Nobody can log in to work. Big emergency.
385,Database query causing 504 gateway timeout on reports,"The SQL query for gathering monthly sales metrics lacks an index on the client_id column, causing a 45 second lock. The sales team cannot open reports.",Kimironko Shop System,HIGH,HIGH,The system is loading too slow and timing out.
386,PDF export missing key custom data rows,"When downloading the analytics dashboard summary, the generated file fails to render the customized narrative rows present in the web layout.",Gisenyi Hotel Booking,MEDIUM,MEDIUM,Text is missing when exporting reports to a paper file.
387,Inquiry regarding user onboarding manual availability (#581),Could you provide a quick reference guide or video tutorial covering the addition of new staff accounts for our upcoming internal training session?,Kimironko Shop System,LOW,LOW,Customer needs a simple guide on how to add a worker.
388,Complete session database corruption after deploy,"After the recent build pipeline finished, all users are kicked into a login loop. Token verification throws an unhandled null pointer error. Nobody can access dashboards.",Kigali Beauty Platform,CRITICAL,CRITICAL,Nobody can log in to work. Big emergency.
389,Minor typo identified within settings layout (#177),There is a minor spelling error in the account configuration tab where 'account' is misspelled with a single 'c'. Cosmetic fix.,Musanze Delivery App,LOW,LOW,Small spelling error found on the settings page.
390,FILE UPLOAD IS TOTALLY BROKEN!!! (#548),WE CANNOT UPLOAD PDF OR PHOTOS FOR OUR WORK TODAY IT SAYS FAILED ALWAYS FIX THIS SOON IT IS VERY FRUSTRATING!!,Remera Tax Portal,HIGH,HIGH,File upload button is broken. Users cannot add attachments.
391,Inquiry regarding user onboarding manual availability,Could you provide a quick reference guide or video tutorial covering the addition of new staff accounts for our upcoming internal training session?,Remera Tax Portal,LOW,LOW,Customer needs a simple guide on how to add a worker.
392,Inquiry regarding user onboarding manual availability (#634),Could you provide a quick reference guide or video tutorial covering the addition of new staff accounts for our upcoming internal training session?,Gisenyi Hotel Booking,LOW,LOW,Customer needs a simple guide on how to add a worker.
393,pdf download missing data,the exported file doesn't match what we see on our web dashboard layer.,Butare School Portal,MEDIUM,MEDIUM,Text is missing when exporting reports to a paper file.
394,Session lifetime parameter expiring prematurely (#491),The authentication token cookie is invalidating after 5 minutes of idle state instead of the configured 2 hours. This disrupts worker workflows.,Musanze Delivery App,MEDIUM,MEDIUM,The application logs users out way too fast.
395,Inquiry regarding user onboarding manual availability (#539),Could you provide a quick reference guide or video tutorial covering the addition of new staff accounts for our upcoming internal training session?,Rubavu Agri Market,LOW,LOW,Customer needs a simple guide on how to add a worker.
396,everything is broken (#410),the system is down and nobody can do anything today.,Nyamirambo Retail App,CRITICAL,CRITICAL,The entire app is down. Customers cannot buy anything.
397,change button look blue color,can we change green button to blue color? blue is nice for our company brand. no rush when you have time,Musanze Delivery App,LOW,LOW,Client wants to change a button color from green to blue.
398,login not open code error (#518),everyone try to enter password but it say wrong token loop. nobody can do work today please fix now now,Kanombe Cargo System,CRITICAL,CRITICAL,Nobody can log in to work. Big emergency.
399,Inquiry regarding documentation assets for multi-tenant administration,We are setting up internal knowledge base articles and require the video walkthrough link for adding and configuring new corporate roles.,Butare School Portal,HIGH,LOW,Customer needs a simple guide on how to add a worker.
400,Automated transactional email notifications are stuck,The background worker process is failing to dispatch registration confirmation emails. This is causing significant backlog for onboarding.,Nyamirambo Retail App,HIGH,HIGH,New signup emails are not sending out today.
401,File upload failing with unhandled 413 exception (#616),"When clients upload files larger than 1MB on Chrome v114, the system crashes without error messages. This is blocking the compliance team onboarding loop.",Remera Tax Portal,HIGH,HIGH,File upload button is broken. Users cannot add attachments.
402,Minor typo identified within settings layout (#235),There is a minor spelling error in the account configuration tab where 'account' is misspelled with a single 'c'. Cosmetic fix.,Kimironko Shop System,LOW,LOW,Small spelling error found on the settings page.
403,Request to alter UI button accent hex code,Could we update the primary action button color to a blue accent to better match our corporate identity system guidelines? Low priority.,Remera Tax Portal,LOW,LOW,Client wants to change a button color from green to blue.
404,Request to modify CSS color property on confirmation button (#825),Please update the primary button class from background-color: #28a745 to #007bff to stay compliant with our internal brand guidebook.,Kimironko Shop System,LOW,LOW,Client wants to change a button color from green to blue.
405,spelling bad word in account setup,i see small mistake in setting tab text. it say 'acount' instead of true spelling. just minor thing for next update,Kigali Beauty Platform,LOW,LOW,Small spelling error found on the settings page.
406,Complete session database corruption after deploy,"After the recent build pipeline finished, all users are kicked into a login loop. Token verification throws an unhandled null pointer error. Nobody can access dashboards.",Kanombe Cargo System,CRITICAL,CRITICAL,Nobody can log in to work. Big emergency.
407,getting logged out constantly,the system keeps forcing me back to the sign-in screen during active intervals.,Gitarama Pharmacy Web,HIGH,MEDIUM,The application logs users out way too fast.
408,attachments broken (#799),the upload section is not accepting any files from our side.,Musanze Delivery App,HIGH,HIGH,File upload button is broken. Users cannot add attachments.
409,getting logged out constantly,the system keeps forcing me back to the sign-in screen during active intervals.,Musanze Delivery App,MEDIUM,MEDIUM,The application logs users out way too fast.
410,DATA IS COMPLETELY GONE!!!,I OPENED THE PAGE AND EVERY CLIENT RECORD IS DELETED WE ARE PANICKING FIX IT NOW NOW!!,Gisenyi Hotel Booking,CRITICAL,CRITICAL,All client records are missing from the screen. Team is stuck.
411,change button look blue color,can we change green button to blue color? blue is nice for our company brand. no rush when you have time,Kigali Beauty Platform,LOW,LOW,Client wants to change a button color from green to blue.
412,Request to alter UI button accent hex code (#429),Could we update the primary action button color to a blue accent to better match our corporate identity system guidelines? Low priority.,Butare School Portal,LOW,LOW,Client wants to change a button color from green to blue.
413,ALL LOGIN IS BROKEN HELP!!! (#225),NOBODY IN THE WHOLE OFFICE CAN LOG IN SINCE 1 HOUR!! EVERYTHING IS BLANK SCREEN FIX THIS NOW!!,Kimironko Shop System,CRITICAL,CRITICAL,Nobody can log in to work. Big emergency.
414,money go out but order fail,customer buy things but payment say error. mobile money take their cash but no order inside system. big problem help,Gitarama Pharmacy Web,CRITICAL,CRITICAL,Mobile money payment is failing but taking customer money.
415,Inquiry regarding documentation assets for multi-tenant administration,We are setting up internal knowledge base articles and require the video walkthrough link for adding and configuring new corporate roles.,Rubavu Agri Market,LOW,LOW,Customer needs a simple guide on how to add a worker.
416,invoice error,the price on the invoice sheet does not match our profile records.,Nyamirambo Retail App,HIGH,MEDIUM,Wrong bill total on the monthly client invoice.
417,Request to alter UI button accent hex code,Could we update the primary action button color to a blue accent to better match our corporate identity system guidelines? Low priority.,Remera Tax Portal,LOW,LOW,Client wants to change a button color from green to blue.
418,SMTP relay server authentication failing (#925),The email dispatch queue is throwing credential errors on the /v1/send node. No activation links have left the platform since the morning update.,Butare School Portal,CRITICAL,HIGH,New signup emails are not sending out today.
419,hello site not working help (#644),the whole app is broken we click click nothing happens screen is white blank please help fast business stop,Kigali Beauty Platform,CRITICAL,CRITICAL,The entire app is down. Customers cannot buy anything.
420,color change request,we want to alter some accent layouts on the main display page when you have extra sprint bandwidth.,Gitarama Pharmacy Web,LOW,LOW,Client wants to change a button color from green to blue.
421,spelling bad word in account setup,i see small mistake in setting tab text. it say 'acount' instead of true spelling. just minor thing for next update,Kigali Beauty Platform,LOW,LOW,Small spelling error found on the settings page.
422,APP IS COMPLETELY DOWN NOW NOW!!! (#588),WE ARE LOSING EVERY SINGLE CUSTOMER MONEY IS FAILING SYSTEM IS FROZEN PLS FIX ASAP!!!!,Nyamirambo Retail App,CRITICAL,CRITICAL,The entire app is down. Customers cannot buy anything.
423,Request to modify CSS color property on confirmation button,Please update the primary button class from background-color: #28a745 to #007bff to stay compliant with our internal brand guidebook.,Butare School Portal,LOW,LOW,Client wants to change a button color from green to blue.
424,DASHBOARD LOADING FOREVER!!!,THE SYSTEM IS SO SLOW IT TAKES 3 MINUTES THEN GIVES TIMEOUT ERROR WE CANNOT SEE THE DAILY REPORTS TODAY!!,Nyamirambo Retail App,HIGH,HIGH,The system is loading too slow and timing out.
425,app died,it just stopped working and shows a blank white screen since morning.,Remera Tax Portal,MEDIUM,CRITICAL,The screen is frozen for everyone. Urgent fix needed.
426,Typo correction in settings menu localization file (#607),The string asset for account_label contains a typo where 'account' is rendered as 'acount'. This needs to be polished in the next patch update.,Butare School Portal,LOW,LOW,Small spelling error found on the settings page.
427,Typo correction in settings menu localization file,The string asset for account_label contains a typo where 'account' is rendered as 'acount'. This needs to be polished in the next patch update.,Kimironko Shop System,LOW,LOW,Small spelling error found on the settings page.
428,hello site not working help (#339),the whole app is broken we click click nothing happens screen is white blank please help fast business stop,Rubavu Agri Market,CRITICAL,CRITICAL,The entire app is down. Customers cannot buy anything.
429,invoice error,the price on the invoice sheet does not match our profile records.,Kanombe Cargo System,MEDIUM,MEDIUM,Wrong bill total on the monthly client invoice.
430,Severe performance latency causing gateway timeouts (#331),"The main analytical reports page is experiencing massive response delays, averaging 45 seconds before dropping the connection. Sales team cannot work.",Kimironko Shop System,CRITICAL,HIGH,The system is loading too slow and timing out.
431,DASHBOARD LOADING FOREVER!!!,THE SYSTEM IS SO SLOW IT TAKES 3 MINUTES THEN GIVES TIMEOUT ERROR WE CANNOT SEE THE DAILY REPORTS TODAY!!,Kigali Beauty Platform,HIGH,HIGH,The system is loading too slow and timing out.
432,FILE UPLOAD IS TOTALLY BROKEN!!! (#805),WE CANNOT UPLOAD PDF OR PHOTOS FOR OUR WORK TODAY IT SAYS FAILED ALWAYS FIX THIS SOON IT IS VERY FRUSTRATING!!,Kimironko Shop System,HIGH,HIGH,File upload button is broken. Users cannot add attachments.
433,spelling typo found,there is a small wording mistake inside one of the description blocks in the user settings menu.,Gisenyi Hotel Booking,LOW,LOW,Small spelling error found on the settings page.
434,Billing mismatch on monthly system invoice (#190),"The automated invoicing system generated an incorrect total for this period, billing $600 instead of our baseline retainer of $400.",Kanombe Cargo System,MEDIUM,MEDIUM,Wrong bill total on the monthly client invoice.
435,PDF export missing key custom data rows (#132),"When downloading the analytics dashboard summary, the generated file fails to render the customized narrative rows present in the web layout.",Kanombe Cargo System,MEDIUM,MEDIUM,Text is missing when exporting reports to a paper file.
436,APP IS COMPLETELY DOWN NOW NOW!!!,WE ARE LOSING EVERY SINGLE CUSTOMER MONEY IS FAILING SYSTEM IS FROZEN PLS FIX ASAP!!!!,Kanombe Cargo System,CRITICAL,CRITICAL,The entire app is down. Customers cannot buy anything.
437,everything is broken,the system is down and nobody can do anything today.,Kimironko Shop System,CRITICAL,CRITICAL,The entire app is down. Customers cannot buy anything.
438,JWT token expiration time set to 300 seconds instead of 7200 (#872),"The session timeout variable on the frontend environment config is hardcoded to 5 minutes, ignoring the global database parameter setting.",Gisenyi Hotel Booking,MEDIUM,MEDIUM,The application logs users out way too fast.
439,money go out but order fail (#254),customer buy things but payment say error. mobile money take their cash but no order inside system. big problem help,Gitarama Pharmacy Web,CRITICAL,CRITICAL,Mobile money payment is failing but taking customer money.
440,WRONG BILL AMOUNT AGAIN!!!,OUR INVOICE SAYS 600 DOLLARS BUT OUR CONTRACT IS ONLY 400 DOLLARS PLEASE FIX THIS DISCREPANCY TODAY!!,Rubavu Agri Market,MEDIUM,MEDIUM,Wrong bill total on the monthly client invoice.
441,getting logged out constantly,the system keeps forcing me back to the sign-in screen during active intervals.,Remera Tax Portal,MEDIUM,MEDIUM,The application logs users out way too fast.
442,Session lifetime parameter expiring prematurely,The authentication token cookie is invalidating after 5 minutes of idle state instead of the configured 2 hours. This disrupts worker workflows.,Gitarama Pharmacy Web,MEDIUM,MEDIUM,The application logs users out way too fast.
443,Total payment gateway checkout freeze (#599),The primary mobile money and card processing link has stopped working. Every live transaction is hanging indefinitely and failing.,Kigali Beauty Platform,CRITICAL,CRITICAL,Mobile money payment is failing but taking customer money.
444,DATA IS COMPLETELY GONE!!! (#426),I OPENED THE PAGE AND EVERY CLIENT RECORD IS DELETED WE ARE PANICKING FIX IT NOW NOW!!,Gisenyi Hotel Booking,MEDIUM,CRITICAL,All client records are missing from the screen. Team is stuck.
445,THERE IS A TYPO ON THE SETTINGS PAGE!!!,IT SAYS ACOUNT INSTEAD OF ACCOUNT FIX THIS MINOR SPELLING MISTAKE IN THE NEXT SPRINT UPDATE!!,Kanombe Cargo System,LOW,LOW,Small spelling error found on the settings page.
446,login not open code error (#615),everyone try to enter password but it say wrong token loop. nobody can do work today please fix now now,Musanze Delivery App,CRITICAL,CRITICAL,Nobody can log in to work. Big emergency.
447,Automated transactional email notifications are stuck (#928),The background worker process is failing to dispatch registration confirmation emails. This is causing significant backlog for onboarding.,Kanombe Cargo System,HIGH,HIGH,New signup emails are not sending out today.
448,Production server completely unreachable (#498),We are experiencing an unrecoverable system outage. All active API nodes are throwing a blank 500 error page. Operations are fully stopped.,Musanze Delivery App,CRITICAL,CRITICAL,The main link is completely broken. Business is stopped.
449,Critical system crash on payment module (#949),"Since the update at 3pm, users get a blank screen and 500 error when clicking pay. Affected domain: /api/checkout. Error code: GATEWAY_TIMEOUT. All users blocked.",Kimironko Shop System,CRITICAL,CRITICAL,Mobile money payment is failing but taking customer money.
450,Session lifetime parameter expiring prematurely (#815),The authentication token cookie is invalidating after 5 minutes of idle state instead of the configured 2 hours. This disrupts worker workflows.,Kanombe Cargo System,MEDIUM,MEDIUM,The application logs users out way too fast.
451,FILE UPLOAD IS TOTALLY BROKEN!!!,WE CANNOT UPLOAD PDF OR PHOTOS FOR OUR WORK TODAY IT SAYS FAILED ALWAYS FIX THIS SOON IT IS VERY FRUSTRATING!!,Nyamirambo Retail App,HIGH,HIGH,File upload button is broken. Users cannot add attachments.
452,system failure,the app is completely dead for all our office workers.,Nyamirambo Retail App,MEDIUM,CRITICAL,The entire app is down. Customers cannot buy anything.
453,Inquiry regarding documentation assets for multi-tenant administration,We are setting up internal knowledge base articles and require the video walkthrough link for adding and configuring new corporate roles.,Butare School Portal,LOW,LOW,Customer needs a simple guide on how to add a worker.
454,Invoice microservice rounding error on calculation (#448),"Invoice #2938 shows a subtotal of $600 due to a tax configuration error, which contradicts the fixed $400 amount stated in our contract parameters.",Kigali Beauty Platform,MEDIUM,MEDIUM,Wrong bill total on the monthly client invoice.
455,text not inside printed report (#533),we add words on screen but when downlod pdf file that text is gone paper look empty. check when free,Rubavu Agri Market,MEDIUM,MEDIUM,Text is missing when exporting reports to a paper file.
456,APP IS COMPLETELY DOWN NOW NOW!!! (#482),WE ARE LOSING EVERY SINGLE CUSTOMER MONEY IS FAILING SYSTEM IS FROZEN PLS FIX ASAP!!!!,Kanombe Cargo System,CRITICAL,CRITICAL,The entire app is down. Customers cannot buy anything.
457,how to put new worker inside,hello we have new person coming next week. how do we add them inside app? you have simple video or text link? thanks,Gitarama Pharmacy Web,LOW,LOW,Customer needs a simple guide on how to add a worker.
458,reports page loading error,the page keeps spinning and won't display any numbers for our team.,Nyamirambo Retail App,MEDIUM,HIGH,The system is loading too slow and timing out.
459,DATA IS COMPLETELY GONE!!!,I OPENED THE PAGE AND EVERY CLIENT RECORD IS DELETED WE ARE PANICKING FIX IT NOW NOW!!,Gitarama Pharmacy Web,LOW,CRITICAL,All client records are missing from the screen. Team is stuck.
460,reports page loading error,the page keeps spinning and won't display any numbers for our team.,Nyamirambo Retail App,HIGH,HIGH,The system is loading too slow and timing out.
461,File upload failing with unhandled 413 exception,"When clients upload files larger than 1MB on Chrome v114, the system crashes without error messages. This is blocking the compliance team onboarding loop.",Remera Tax Portal,HIGH,HIGH,File upload button is broken. Users cannot add attachments.
462,how to put new worker inside,hello we have new person coming next week. how do we add them inside app? you have simple video or text link? thanks,Butare School Portal,LOW,LOW,Customer needs a simple guide on how to add a worker.
463,login not open code error (#359),everyone try to enter password but it say wrong token loop. nobody can do work today please fix now now,Gitarama Pharmacy Web,CRITICAL,CRITICAL,Nobody can log in to work. Big emergency.
464,Critical system crash on payment module (#782),"Since the update at 3pm, users get a blank screen and 500 error when clicking pay. Affected domain: /api/checkout. Error code: GATEWAY_TIMEOUT. All users blocked.",Kanombe Cargo System,CRITICAL,CRITICAL,Mobile money payment is failing but taking customer money.
465,FILE UPLOAD IS TOTALLY BROKEN!!!,WE CANNOT UPLOAD PDF OR PHOTOS FOR OUR WORK TODAY IT SAYS FAILED ALWAYS FIX THIS SOON IT IS VERY FRUSTRATING!!,Remera Tax Portal,HIGH,HIGH,File upload button is broken. Users cannot add attachments.
466,color change request,we want to alter some accent layouts on the main display page when you have extra sprint bandwidth.,Gisenyi Hotel Booking,LOW,LOW,Client wants to change a button color from green to blue.
467,attachments broken,the upload section is not accepting any files from our side.,Kigali Beauty Platform,HIGH,HIGH,File upload button is broken. Users cannot add attachments.
468,login not open code error,everyone try to enter password but it say wrong token loop. nobody can do work today please fix now now,Kimironko Shop System,CRITICAL,CRITICAL,Nobody can log in to work. Big emergency.
469,need documentation guide,looking for an instruction link on how to manage user profiles on the platform.,Nyamirambo Retail App,LOW,LOW,Customer needs a simple guide on how to add a worker.
470,Complete session database corruption after deploy,"After the recent build pipeline finished, all users are kicked into a login loop. Token verification throws an unhandled null pointer error. Nobody can access dashboards.",Rubavu Agri Market,HIGH,CRITICAL,Nobody can log in to work. Big emergency.
471,EMAILS ARE NOT GOING TO CLIENTS!!! (#588),NEW SIGNUP EMAILS ARE FULLY STUCK AND CUSTOMERS ARE COMPLAINING FIX THIS NOW TODAY!!,Gisenyi Hotel Booking,LOW,HIGH,New signup emails are not sending out today.
472,Complete session database corruption after deploy,"After the recent build pipeline finished, all users are kicked into a login loop. Token verification throws an unhandled null pointer error. Nobody can access dashboards.",Rubavu Agri Market,CRITICAL,CRITICAL,Nobody can log in to work. Big emergency.
473,login not open code error,everyone try to enter password but it say wrong token loop. nobody can do work today please fix now now,Rubavu Agri Market,CRITICAL,CRITICAL,Nobody can log in to work. Big emergency.
474,how to put new worker inside,hello we have new person coming next week. how do we add them inside app? you have simple video or text link? thanks,Nyamirambo Retail App,LOW,LOW,Customer needs a simple guide on how to add a worker.
475,attachments broken,the upload section is not accepting any files from our side.,Kimironko Shop System,HIGH,HIGH,File upload button is broken. Users cannot add attachments.
476,EMAILS ARE NOT GOING TO CLIENTS!!!,NEW SIGNUP EMAILS ARE FULLY STUCK AND CUSTOMERS ARE COMPLAINING FIX THIS NOW TODAY!!,Kanombe Cargo System,CRITICAL,HIGH,New signup emails are not sending out today.
477,EMAILS ARE NOT GOING TO CLIENTS!!! (#446),NEW SIGNUP EMAILS ARE FULLY STUCK AND CUSTOMERS ARE COMPLAINING FIX THIS NOW TODAY!!,Kigali Beauty Platform,HIGH,HIGH,New signup emails are not sending out today.
478,Database query causing 504 gateway timeout on reports (#571),"The SQL query for gathering monthly sales metrics lacks an index on the client_id column, causing a 45 second lock. The sales team cannot open reports.",Nyamirambo Retail App,HIGH,HIGH,The system is loading too slow and timing out.
479,Request to modify CSS color property on confirmation button (#842),Please update the primary button class from background-color: #28a745 to #007bff to stay compliant with our internal brand guidebook.,Butare School Portal,LOW,LOW,Client wants to change a button color from green to blue.
480,invoice error (#526),the price on the invoice sheet does not match our profile records.,Butare School Portal,MEDIUM,MEDIUM,Wrong bill total on the monthly client invoice.
481,hello site not working help,the whole app is broken we click click nothing happens screen is white blank please help fast business stop,Kimironko Shop System,CRITICAL,CRITICAL,The entire app is down. Customers cannot buy anything.
482,Session lifetime parameter expiring prematurely (#808),The authentication token cookie is invalidating after 5 minutes of idle state instead of the configured 2 hours. This disrupts worker workflows.,Nyamirambo Retail App,MEDIUM,MEDIUM,The application logs users out way too fast.
483,CHANGE THIS UGLY BUTTON COLOR TO BLUE!!!,THE GREEN COLOR DOES NOT MATCH OUR BRAND Guidelines AT ALL CHANGE IT TO BLUE WHEN YOU HAVE A MINUTE!!,Kigali Beauty Platform,LOW,LOW,Client wants to change a button color from green to blue.
484,DATA IS COMPLETELY GONE!!! (#237),I OPENED THE PAGE AND EVERY CLIENT RECORD IS DELETED WE ARE PANICKING FIX IT NOW NOW!!,Nyamirambo Retail App,CRITICAL,CRITICAL,All client records are missing from the screen. Team is stuck.
485,system slow loading loop (#356),open page take too long time then say timeout error. we cannot do reporting today because it loop. please check why slow,Butare School Portal,HIGH,HIGH,The system is loading too slow and timing out.
486,reports page loading error,the page keeps spinning and won't display any numbers for our team.,Kigali Beauty Platform,MEDIUM,HIGH,The system is loading too slow and timing out.
487,app logout too quick (#101),system log out every 5 minute when stop typing. very annoying to type long passwrd again again. make long time please,Butare School Portal,CRITICAL,MEDIUM,The application logs users out way too fast.
488,everything is broken,the system is down and nobody can do anything today.,Gisenyi Hotel Booking,HIGH,CRITICAL,The entire app is down. Customers cannot buy anything.
489,Severe performance latency causing gateway timeouts,"The main analytical reports page is experiencing massive response delays, averaging 45 seconds before dropping the connection. Sales team cannot work.",Nyamirambo Retail App,HIGH,HIGH,The system is loading too slow and timing out.
490,ALL LOGIN IS BROKEN HELP!!!,NOBODY IN THE WHOLE OFFICE CAN LOG IN SINCE 1 HOUR!! EVERYTHING IS BLANK SCREEN FIX THIS NOW!!,Gitarama Pharmacy Web,CRITICAL,CRITICAL,Nobody can log in to work. Big emergency.
491,change button look blue color,can we change green button to blue color? blue is nice for our company brand. no rush when you have time,Kanombe Cargo System,HIGH,LOW,Client wants to change a button color from green to blue.
492,THE APP LOGS ME OUT EVERY 5 MINUTES!!! (#239),THIS IS SO ANNOYING I HAVE TO RE-ENTER MY PASSWORD EVERY TIME I STOP TYPING FOR A SECOND MAKE THE TIME LONGER!!,Nyamirambo Retail App,MEDIUM,MEDIUM,The application logs users out way too fast.
493,system failure (#518),the app is completely dead for all our office workers.,Rubavu Agri Market,CRITICAL,CRITICAL,The entire app is down. Customers cannot buy anything.
494,need documentation guide,looking for an instruction link on how to manage user profiles on the platform.,Musanze Delivery App,LOW,LOW,Customer needs a simple guide on how to add a worker.
495,EMAILS ARE NOT GOING TO CLIENTS!!! (#714),NEW SIGNUP EMAILS ARE FULLY STUCK AND CUSTOMERS ARE COMPLAINING FIX THIS NOW TODAY!!,Musanze Delivery App,HIGH,HIGH,New signup emails are not sending out today.
496,system failure (#321),the app is completely dead for all our office workers.,Musanze Delivery App,CRITICAL,CRITICAL,The entire app is down. Customers cannot buy anything.
497,color change request (#370),we want to alter some accent layouts on the main display page when you have extra sprint bandwidth.,Kigali Beauty Platform,CRITICAL,LOW,Client wants to change a button color from green to blue.
498,Inquiry regarding user onboarding manual availability,Could you provide a quick reference guide or video tutorial covering the addition of new staff accounts for our upcoming internal training session?,Butare School Portal,LOW,LOW,Customer needs a simple guide on how to add a worker.
499,app died,it just stopped working and shows a blank white screen since morning.,Kigali Beauty Platform,CRITICAL,CRITICAL,The screen is frozen for everyone. Urgent fix needed.
500,system failure,the app is completely dead for all our office workers.,Gitarama Pharmacy Web,CRITICAL,CRITICAL,The entire app is down. Customers cannot buy anything.
