id,title,description,source,suggested_label,human_label,notes
642,Product compatibility,"I'm having an issue with the {product_purchased}. Please assist. Thank you. I've been told that the product you provided is not a valid e-mail to the recipient. The e-mail can be reviewed by the appropriate I've followed online tutorials and community forums to troubleshoot the issue, but no luck so far.",kaggle,HIGH,HIGH,
634,Software bug,"I'm having an issue with the {product_purchased}. Please assist.

I was worried about this on my phone because I wanted to keep things clean on the phone. I took the standard battery and it charged very quickly. However I've recently updated the firmware of my {product_purchased}, and the issue started happening afterward. Could it be related to the update?",kaggle,HIGH,HIGH,
590,Product compatibility,"I'm having an issue with the {product_purchased}. Please assist.

When choosing a price, we take all information we have about a request in hand and add it to our webapp based on it. If you have a I need assistance as soon as possible because it's affecting my work and productivity.",kaggle,HIGH,HIGH,
691,Peripheral compatibility,"I'm having an issue with the {product_purchased}. Please assist.

Please help make the shop work for you

Please help save on shipping & handling

Thank you.

Thanks.

Thank you. I rely heavily on my {product_purchased} for my daily tasks, and this issue is hindering my productivity.",kaggle,CRITICAL,CRITICAL,
534,Delivery problem,"I'm having an issue with the {product_purchased}. Please assist.

If you've purchased the product that we've covered, please add the 'Product Purchased' to your product's description page. (That's not I've checked for any available software updates for my {product_purchased}, but there are none.",kaggle,HIGH,HIGH,
258,Product recommendation,"I'm facing issues logging into my {product_purchased} account. It says my account is locked. What should I do to unlock it? And how long will it be before you try to log in to it?

How is I've performed a factory reset on my {product_purchased}, hoping it would resolve the problem, but it didn't help.",kaggle,LOW,LOW,
435,Installation support,"I'm unable to access my {product_purchased} account. It keeps displaying an 'Invalid Credentials' error, even though I'm using the correct login information. How can I regain access to my account? My {product_ I've tried troubleshooting steps mentioned in the user manual, but the issue persists.",kaggle,MEDIUM,MEDIUM,
574,Payment issue,"I've accidentally deleted important data from my {product_purchased}. Is there any way to recover the deleted files? I need them urgently.

If you can access your account, there's a way to do this. Read the guide I've checked for any available software updates for my {product_purchased}, but there are none.",kaggle,HIGH,HIGH,
291,Product recommendation,I'm having an issue with the {product_purchased}. Please assist. It's like a normal $5 credit. No change to your order. $12.00* $15.00* $20.00 $30.00 I'm concerned about the security of my {product_purchased} and would like to ensure that my data is safe.,kaggle,LOW,LOW,
629,Delivery problem,"I've accidentally deleted important data from my {product_purchased}. Is there any way to recover the deleted files? I need them urgently.

You are able to delete any personal data in your data. To do this click on the I'm not sure if this issue is specific to my device or if others have reported similar problems.",kaggle,HIGH,HIGH,
415,Battery life,I'm having an issue with the {product_purchased}. Please assist. Thanks. I've noticed a peculiar error message popping up on my {product_purchased} screen. It says '{error_message}'. What does it mean?,kaggle,MEDIUM,MEDIUM,
680,Installation support,"I'm having an issue with the {product_purchased}. Please assist.

4. Change the item ID to $3


This is so many places I've been, or were doing or have bought an event. I've performed a factory reset on my {product_purchased}, hoping it would resolve the problem, but it didn't help.",kaggle,CRITICAL,CRITICAL,
793,Installation support,"I'm having an issue with the {product_purchased}. Please assist. */

#endif

def __init__ ( self, product_name, name ):

self.product = product PeelPane ( self. I've noticed a sudden decrease in battery life on my {product_purchased}. It used to last much longer.",kaggle,CRITICAL,CRITICAL,
819,Product compatibility,"I'm having an issue with the {product_purchased}. Please assist. We can help you with any further issues.


If you find any errors (such as a dead or fallen product, missing or damaged parts), please notify us I need assistance as soon as possible because it's affecting my work and productivity.",kaggle,CRITICAL,CRITICAL,
813,Cancellation request,"I'm having an issue with the {product_purchased}. Please assist.

{product_purchased_count}


You won't be able to connect with anyone with that address.

{product_purch I need assistance as soon as possible because it's affecting my work and productivity.",kaggle,CRITICAL,CRITICAL,
11,Password Reset Confirmation Email,The password reset confirmation email is missing the new password. Could you add it?,synthetic,LOW,MEDIUM,
560,Hardware issue,"My {product_purchased} is making strange noises and not functioning properly. I suspect there might be a hardware issue. Can you please help me with this? Thanks,


Trent O'Neil

Founder and Sales Manager I've performed a factory reset on my {product_purchased}, hoping it would resolve the problem, but it didn't help.",kaggle,HIGH,HIGH,
123,Password Strength Checker,I wish we could add a password strength checker for user passwords,synthetic,LOW,LOW,
328,Product setup,"I'm having an issue with the {product_purchased}. Please assist.

If my cart still not loading, please contact me directly about this. I'll work as soon as we can.

If your question is about something I've noticed a sudden decrease in battery life on my {product_purchased}. It used to last much longer.",kaggle,LOW,LOW,
166,Analytics Dashboard Data Refresh,It'd be great if the analytics dashboard refreshed automatically every few minutes,synthetic,LOW,LOW,
69,Third-party integration with Stripe is throwing errors,"The integration is causing issues with our Stripe payments, resulting in lost revenue. We're counting on your prompt attention to this issue.",synthetic,HIGH,HIGH,
239,Network problem,"I'm having an issue with the {product_purchased}. Please assist.

Thanks in advance. I've noticed that the issue occurs consistently when I use a specific feature or application on my {product_purchased}.",kaggle,LOW,LOW,
210,CSV Export Hanging,"Our CSV export is stuck in limbo, preventing us from generating the required regulatory reports.",synthetic,CRITICAL,CRITICAL,
562,Installation support,"I've noticed a software bug in the {product_purchased} app. It's causing data loss and unexpected errors. How can I resolve this issue? Write the following commands in your browser before you attempt a hardware upgrade:

Update I'm unable to find the option to perform the desired action in the {product_purchased}. Could you please guide me through the steps?",kaggle,HIGH,HIGH,
190,Database Restore Error,"Database restore from backups has failed, causing system downtime.",synthetic,CRITICAL,CRITICAL,
628,Hardware issue,I'm having an issue with the {product_purchased}. Please assist. I've noticed a peculiar error message popping up on my {product_purchased} screen. It says '{error_message}'. What does it mean?,kaggle,HIGH,HIGH,
752,Product recommendation,"I'm having an issue with the {product_purchased}. Please assist.

Product Description:

The {product_purchased}.

This is the complete package on the right side. A unique item such as a I've recently updated the firmware of my {product_purchased}, and the issue started happening afterward. Could it be related to the update?",kaggle,CRITICAL,CRITICAL,
490,Battery life,"I'm having an issue with the {product_purchased}. Please assist. If everything went to plan, I'll be back to play but I haven't bought any. Please help. And please help me out. I'm experiencing this issue on multiple devices of the same model, so it seems to be a widespread problem.",kaggle,MEDIUM,MEDIUM,
451,Battery life,"I've accidentally deleted important data from my {product_purchased}. Is there any way to recover the deleted files? I need them urgently. Can you post the data to an email to my {product_purchased-content}. Please The issue I'm facing is intermittent. Sometimes it works fine, but other times it acts up unexpectedly.",kaggle,MEDIUM,MEDIUM,
43,Login Issues with SSO Integration,Our SSO integration is causing login issues for our users. Unacceptable experience and urgent fix needed,synthetic,HIGH,CRITICAL,
511,Installation support,"I'm having an issue with the {product_purchased}. Please assist.


Your message is clear and direct and I won't hold it against you.


Any attempt to remove your payment by a way that I can also view I've followed the troubleshooting steps mentioned in the user manual, but the issue persists.",kaggle,MEDIUM,MEDIUM,
65,Two-Factor Authentication Failure,Security breach detected: all 2FA tokens are being generated with incorrect secrets. Fix this before we're hacked further.,synthetic,CRITICAL,CRITICAL,
33,Two-factor authentication is not working for users with certain browsers,"Our users are experiencing issues with 2FA on certain browsers, which is creating security concerns. Can this be resolved today?",synthetic,HIGH,HIGH,
655,Installation support,"I've forgotten my password for my {product_purchased} account, and the password reset option is not working. How can I recover my account?

To recover your Google account you've taken an online search. The Google app is I'm not sure if this issue is specific to my device or if others have reported similar problems.",kaggle,HIGH,HIGH,
821,Account access,"I'm having an issue with the {product_purchased}. Please assist. ___________________________ I am so sick I just tried this before! I haven't tried anything or used anything. ___________________________ My name is Daniel, I'm the The issue I'm facing is intermittent. Sometimes it works fine, but other times it acts up unexpectedly.",kaggle,CRITICAL,CRITICAL,
343,Installation support,I'm having an issue with the {product_purchased}. Please assist. </s> <s>You purchased a ticket for the match. </s> </body> </html> I'm unable to find the option to perform the desired action in the {product_purchased}. Could you please guide me through the steps?,kaggle,LOW,LOW,
776,Network problem,"I've forgotten my password for my {product_purchased} account, and the password reset option is not working. How can I recover my account?

To recover your full password, contact the company or service you purchased your product from I've noticed that the issue occurs consistently when I use a specific feature or application on my {product_purchased}.",kaggle,CRITICAL,CRITICAL,
559,Product recommendation,"I'm having an issue with the {product_purchased}. Please assist.

In your browser, you see several warnings about the type of item in your marketplace. These warnings may not even tell us what product we're buying. But I'm experiencing this issue on multiple devices of the same model, so it seems to be a widespread problem.",kaggle,HIGH,HIGH,
379,Peripheral compatibility,"I'm facing a problem with my {product_purchased}. The {product_purchased} is not turning on. It was working fine until yesterday, but now it doesn't respond. Try using a {product_purchased I'm not sure if this issue is specific to my device or if others have reported similar problems.",kaggle,MEDIUM,MEDIUM,
599,Network problem,I'm having an issue with the {product_purchased}. Please assist. I know when I look at this page I see my cart now; can you help me? I've noticed a sudden decrease in battery life on my {product_purchased}. It used to last much longer.,kaggle,HIGH,HIGH,
387,Display issue,"I've encountered a data loss issue with my {product_purchased}. All the files and documents seem to have disappeared. Can you guide me on how to retrieve them? Can I contact the company at the time of the report and request my I'm experiencing this issue on multiple devices of the same model, so it seems to be a widespread problem.",kaggle,MEDIUM,MEDIUM,
823,Display issue,"I'm encountering a software bug in the {product_purchased}. Whenever I try to perform a specific action, the application crashes. Are there any updates or fixes available?


Hi, First time getting my {product_purchased I've performed a factory reset on my {product_purchased}, hoping it would resolve the problem, but it didn't help.",kaggle,CRITICAL,CRITICAL,
8,Missing Invoice Generation,"Invoices are being generated with incorrect dates, causing discrepancies in client records. We can't afford to delay this fix.",synthetic,CRITICAL,CRITICAL,
695,Peripheral compatibility,"I'm having an issue with the {product_purchased}. Please assist. This is an Error, I guess, especially since there has not been a single successful refund after the last three days.


Thanks!

-K I'm concerned about the security of my {product_purchased} and would like to ensure that my data is safe.",kaggle,CRITICAL,CRITICAL,
262,Account access,"I'm having an issue with the {product_purchased}. Please assist. I know there are some other devices out there, but this is like taking an order for a brand new car and I've had to replace the top cap. And The issue I'm facing is intermittent. Sometimes it works fine, but other times it acts up unexpectedly.",kaggle,LOW,LOW,
822,Installation support,"I'm having an issue with the {product_purchased}. Please assist.


Dangerous and difficult to remove or discard:


Lethally-based products do NOT have to be discarded. It is important to avoid putting I've checked for software updates, and my {product_purchased} is already running the latest version.",kaggle,CRITICAL,CRITICAL,
397,Delivery problem,"I'm having an issue with the {product_purchased}. Please assist. I've checked for any available software updates for my {product_purchased}, but there are none.",kaggle,MEDIUM,MEDIUM,
452,Product compatibility,"I'm having an issue with the {product_purchased}. Please assist. __________________

All new, all paid. This is just the newest addition to our extensive collection of high-quality items from The Silliman Brothers - I've already contacted customer support multiple times, but the issue remains unresolved.",kaggle,MEDIUM,MEDIUM,
153,Password Policy Enforcement Failure,"Our password policy is no longer enforcing, causing unnecessary security risks to user accounts.",synthetic,CRITICAL,CRITICAL,
734,Payment issue,"I'm having an issue with the {product_purchased}. Please assist...

If your e-commerce server is running on a Microsoft Azure instance running on a Windows Azure server, you might experience this issue. You'll need I rely heavily on my {product_purchased} for my daily tasks, and this issue is hindering my productivity.",kaggle,CRITICAL,CRITICAL,
517,Software bug,"I'm having an issue with the {product_purchased}. Please assist. {product_purchased}. You are in good hands. {Product bought}. Thank you

Mateia M, USA (28-01-13 I'm unable to find the option to perform the desired action in the {product_purchased}. Could you please guide me through the steps?",kaggle,MEDIUM,MEDIUM,
725,Peripheral compatibility,"I'm having an issue with the {product_purchased}. Please assist.


(I hope to keep these in stock. Please note that the number will be sent from Etsy to the correct vendor. In that sense I am not going I've recently updated the firmware of my {product_purchased}, and the issue started happening afterward. Could it be related to the update?",kaggle,CRITICAL,CRITICAL,
198,"Error sending emails, urgent help needed.",Our customers are unable to receive confirmation emails. We need a fix ASAP.,synthetic-edge,HIGH,HIGH,
699,Software bug,"I'm having an issue with the {product_purchased}. Please assist.

(1) In order to provide the item:

<i>The {product_purchased> ID tag has been set</i></ I've recently updated the firmware of my {product_purchased}, and the issue started happening afterward. Could it be related to the update?",kaggle,CRITICAL,CRITICAL,
251,Product compatibility,"I'm having an issue with the {product_purchased}. Please assist.

[20.7 KB, 11 Apr 2016 (Update)]

The ""Cookie Policy"" on this page was updated.

We would like I'm unable to find the option to perform the desired action in the {product_purchased}. Could you please guide me through the steps?",kaggle,LOW,LOW,
382,Cancellation request,"I'm having an issue with the {product_purchased}. Please assist. Contact: v4dev@gmail.com.

4.3.1.2.6 V4Dev Network Status & Configuration - If you encounter any I need assistance as soon as possible because it's affecting my work and productivity.",kaggle,MEDIUM,MEDIUM,
422,Data loss,"There seems to be a glitch in the {product_purchased} software. It freezes frequently, making it difficult to use. Can you please provide a solution? Thanks :)

Thanks for your help, G.T @ xdram I'm concerned about the security of my {product_purchased} and would like to ensure that my data is safe.",kaggle,MEDIUM,MEDIUM,
654,Installation support,"I'm having an issue with the {product_purchased}. Please assist. Thank you for helping me to get my order in there, as well as to people who have purchased from me on sale via eBay. Thank you again for that. I've checked for any available software updates for my {product_purchased}, but there are none.",kaggle,HIGH,HIGH,
779,Product setup,"There seems to be a glitch in the {product_purchased} software. It freezes frequently, making it difficult to use. Can you please provide a solution?

I can't help but try. Even though Microsoft is trying to take I've checked the device settings and made sure that everything is configured correctly.",kaggle,CRITICAL,CRITICAL,
630,Peripheral compatibility,"I'm unable to access my {product_purchased} account. It keeps displaying an 'Invalid Credentials' error, even though I'm using the correct login information. How can I regain access to my account?

If your I've tried clearing the cache and data for the {product_purchased} app, but the issue persists.",kaggle,HIGH,HIGH,
333,Delivery problem,"I'm having an issue with the {product_purchased}. Please assist. As I said, they still haven't confirmed if they do, but we know some buyers have had issues.


-C

Quote from: das I've checked for any available software updates for my {product_purchased}, but there are none.",kaggle,LOW,LOW,
107,Unreliable User Account Deletion,"Our user account deletion process is unreliable, resulting in deleted accounts reappearing. This needs to be fixed to prevent data integrity issues.",synthetic,MEDIUM,MEDIUM,
704,Software bug,"I'm having an issue with the {product_purchased}. Please assist.

{product_purchased}. Please assist.

{product_purchased}. Please assist.

{product_purchased}. I'm concerned about the security of my {product_purchased} and would like to ensure that my data is safe.",kaggle,CRITICAL,CRITICAL,
187,Irreversible Session Loss,Session wipeout is continuously deleting user sessions causing user experience issues. This must be resolved by the end of the day.,synthetic,CRITICAL,CRITICAL,
167,Database Corruption Causing System Failure,"Our database has become corrupted, causing our platform to fail. We need a fix to recover our data.",synthetic,CRITICAL,CRITICAL,
548,Cancellation request,"I'm having an issue with the {product_purchased}. Please assist.

- I would like to find a way to add my name and email address to my new device. You can try the instructions in the previous post. I've performed a factory reset on my {product_purchased}, hoping it would resolve the problem, but it didn't help.",kaggle,HIGH,HIGH,
307,Product setup,"I'm having an issue with the {product_purchased}. Please assist.

}

}

public C_list<

C_int> listof <

C_string> listof < I've tried using different cables, adapters, or peripherals with my {product_purchased}, but the issue persists.",kaggle,LOW,LOW,
358,Product recommendation,"The {product_purchased} is unable to establish a stable internet connection. It keeps disconnecting intermittently. How can I troubleshoot this network problem?

Please review your computer's manual on how to troubleshoot an internet I've followed the troubleshooting steps mentioned in the user manual, but the issue persists.",kaggle,LOW,LOW,
526,Product setup,"I'm having an issue with the {product_purchased}. Please assist. I haven't been able to get over the issue.

My problem goes something like this:

I have 3 pairs ofMATURE 2.1+ I need assistance as soon as possible because it's affecting my work and productivity.",kaggle,MEDIUM,MEDIUM,
658,Account access,"I'm having an issue with the {product_purchased}. Please assist.

If the price is good enough to receive the product, I hope to keep it on sale. The store that I used to use also sells this product here I'm concerned about the security of my {product_purchased} and would like to ensure that my data is safe.",kaggle,HIGH,HIGH,
294,Product compatibility,"I'm having trouble connecting my {product_purchased} to my home Wi-Fi network. It doesn't detect any networks, although other devices are connecting fine. What can be done to resolve this issue? 1) Connect the router and I've recently updated the firmware of my {product_purchased}, and the issue started happening afterward. Could it be related to the update?",kaggle,LOW,LOW,
720,Product setup,"I'm having an issue with the {product_purchased}. Please assist.

I have to add my new payment. Please help me!

My payment will be placed soon...

Thank you... I've performed a factory reset on my {product_purchased}, hoping it would resolve the problem, but it didn't help.",kaggle,CRITICAL,CRITICAL,
311,Installation support,"I'm facing issues logging into my {product_purchased} account. It says my account is locked. What should I do to unlock it? A: I can try a security solution, but to not unlock the account would hurt the app I've tried different settings and configurations on my {product_purchased}, but the issue persists.",kaggle,LOW,LOW,
278,Installation support,"I'm having an issue with the {product_purchased}. Please assist. I'll fix it as quickly as I can! Thank you.""

It's not just the text that changes these numbers that makes the results appear to be wrong I've recently updated the firmware of my {product_purchased}, and the issue started happening afterward. Could it be related to the update?",kaggle,LOW,LOW,
370,Account access,"I'm having an issue with the {product_purchased}. Please assist. Please understand.

My problem was simple: the $25 rebate wasn't enough to cover my next meal from our server. So I'd always had to make I've already contacted customer support multiple times, but the issue remains unresolved.",kaggle,LOW,LOW,
558,Product compatibility,"My {product_purchased} crashed, and I lost all the data stored on it. Is there any way to recover the lost data? Thanks

2) I know that some users just can't get their accounts out of my account The issue I'm facing is intermittent. Sometimes it works fine, but other times it acts up unexpectedly.",kaggle,HIGH,HIGH,
282,Payment issue,"I'm having an issue with the {product_purchased}. Please assist.

A friend was talking to me through twitter when he heard that something had happened to the 'couple' who came in.

He said their names I've recently updated the firmware of my {product_purchased}, and the issue started happening afterward. Could it be related to the update?",kaggle,LOW,LOW,
789,Data loss,"I'm having an issue with the {product_purchased}. Please assist.

1.3.0

Hi! This update fixes a major bug in 1.3 that causes the game to crash. Please fix it. Otherwise I've tried clearing the cache and data for the {product_purchased} app, but the issue persists.",kaggle,CRITICAL,CRITICAL,
561,Cancellation request,"I'm having an issue with the {product_purchased}. Please assist. Forgot the {product_purchased}. Please assist. Forgot the item quantity. Your email address is wrong. Please provide an address. I understand i I've tried using different cables, adapters, or peripherals with my {product_purchased}, but the issue persists.",kaggle,HIGH,HIGH,
312,Display issue,"I'm having an issue with the {product_purchased}. Please assist. ""

"" In order to avoid this error (via the search engine, we did make some changes with new users and their feedback) a new tab is created I've noticed a sudden decrease in battery life on my {product_purchased}. It used to last much longer.",kaggle,LOW,LOW,
18,User Account Lockout Loop,"A user account lockout issue is causing continuous lockout, preventing clients from accessing the platform.",synthetic,CRITICAL,CRITICAL,
778,Payment issue,"I'm having an issue with the {product_purchased}. Please assist. You can always email me your issue details here at /u/Nathaniel@sli.com

Thanks! - A.J. This problem started occurring after the recent software update. I haven't made any other changes to the device.",kaggle,CRITICAL,CRITICAL,
667,Product setup,"My {product_purchased} is making strange noises and not functioning properly. I suspect there might be a hardware issue. Can you please help me with this? I'll be looking into these problems soon and I might be able to fix it I've tried using different cables, adapters, or peripherals with my {product_purchased}, but the issue persists.",kaggle,HIGH,HIGH,
2,REST API Return Empty Responses,"Our API calls are returning empty responses, resulting in failed data syncs. Urgent attention required to prevent further data inconsistencies",synthetic,HIGH,CRITICAL,
547,Account access,"I'm having an issue with the {product_purchased}. Please assist.

If you have any issues please contact me. I've followed online tutorials and community forums to troubleshoot the issue, but no luck so far.",kaggle,HIGH,HIGH,
339,Product compatibility,"My {product_purchased} crashed, and I lost all the data stored on it. Is there any way to recover the lost data? If so, where? ""Your {product_purchased}, your data may never be returned I need assistance as soon as possible because it's affecting my work and productivity.",kaggle,LOW,LOW,
743,Payment issue,"I'm facing issues logging into my {product_purchased} account. It says my account is locked. What should I do to unlock it?

If you have any questions or concerns about logging into the site, please don't hesitate I've performed a factory reset on my {product_purchased}, hoping it would resolve the problem, but it didn't help.",kaggle,CRITICAL,CRITICAL,
792,Product setup,"I'm having an issue with the {product_purchased}. Please assist. Thank you

12.12.2015 17:20:20 [0xf1c13fd57] No update on https://github.com/t This problem started occurring after the recent software update. I haven't made any other changes to the device.",kaggle,CRITICAL,CRITICAL,
313,Software bug,"I'm having an issue with the {product_purchased}. Please assist. Thanks for your support!!


I agree! I am working on my new iPhone. I have a few questions, but are all over the place. Here is I rely heavily on my {product_purchased} for my daily tasks, and this issue is hindering my productivity.",kaggle,LOW,LOW,
430,Account access,"I'm having an issue with the {product_purchased}. Please assist. {product_name}'s ""Product Name"" contains a product identifier, which you can use to verify the validity of certain products. If both products are valid you I've noticed a sudden decrease in battery life on my {product_purchased}. It used to last much longer.",kaggle,MEDIUM,MEDIUM,
194,Password Reset Email Not Sent,"When attempting to reset my password, the email containing the reset link is not being sent. This needs to be fixed to enable password reset.",synthetic,MEDIUM,MEDIUM,
481,Hardware issue,"I'm having an issue with the {product_purchased}. Please assist.

Thank you for your cooperation in providing assistance. I've tried clearing the cache and data for the {product_purchased} app, but the issue persists.",kaggle,MEDIUM,MEDIUM,
86,File Upload Limit Exceeded Causing System Failure,"Our file upload limit has been exceeded, causing our platform to crash. We need a fix to prevent future failures.",synthetic,CRITICAL,CRITICAL,
159,Webhook Delivery Could Support Multiple Recipients,"When configuring webhook delivery settings, it would be great to support sending to multiple recipients.",synthetic,LOW,LOW,
492,Installation support,"I'm having an issue with the {product_purchased}. Please assist.

We're really having an issue with the {product_purchased}. Please assist.

If your item is marked $13 or less we recommend I'm unable to find the option to perform the desired action in the {product_purchased}. Could you please guide me through the steps?",kaggle,MEDIUM,MEDIUM,
703,Peripheral compatibility,"I'm having an issue with the {product_purchased}. Please assist.

A Product Price Request Please

Provide a link to the product for this item to see its price.

If there is an item no longer I'm worried that the issue might be hardware-related and might require repair or replacement.",kaggle,CRITICAL,CRITICAL,
515,Delivery problem,I'm having an issue with the {product_purchased}. Please assist. (My account was bought because I bought it from the local government) I tried to delete my credit/debit card from your account as soon as I received the I'm concerned about the security of my {product_purchased} and would like to ensure that my data is safe.,kaggle,MEDIUM,MEDIUM,
376,Battery life,"I'm having an issue with the {product_purchased}. Please assist.

I don't think it should. I've noticed that the issue occurs consistently when I use a specific feature or application on my {product_purchased}.",kaggle,LOW,LOW,
623,Delivery problem,"I'm having an issue with the {product_purchased}. Please assist. Thank you.""

And here's the video: I've already contacted customer support multiple times, but the issue remains unresolved.",kaggle,HIGH,HIGH,
5,User Role Permissions Not Updating Correctly,"We're having trouble updating user role permissions, and it's not reflecting correctly in the system. Can you troubleshoot this?",synthetic,MEDIUM,HIGH,
512,Software bug,"I'm having an issue with the {product_purchased}. Please assist.

If you have other cramped situations, contact your local office to work out a place to meet with someone.

What do you think is in the best This problem started occurring after the recent software update. I haven't made any other changes to the device.",kaggle,MEDIUM,MEDIUM,
604,Account access,"I'm having an issue with the {product_purchased}. Please assist. Thank you.""

There is one final problem when ordering: ""All goods have their factory warranties..."" However, I've checked Amazon's terms about the warranty, I've checked the device settings and made sure that everything is configured correctly.",kaggle,HIGH,HIGH,
90,Third-Party Integration with Stripe Failing Silently,We are unable to complete transactions with Stripe due to a failed integration. This affects our core revenue stream and we're breaching SLA. Escalation necessary,synthetic,HIGH,HIGH,
281,Product recommendation,"I'm having an issue with the {product_purchased}. Please assist.

I understand you didn't sell your product to someone but this shouldn't have been done. I understand you're upset because he offered to give the seller of I've tried different settings and configurations on my {product_purchased}, but the issue persists.",kaggle,LOW,LOW,
671,Installation support,"I'm having an issue with the {product_purchased}. Please assist.

The vendor must provide the requested address.

Do you wish to continue supporting this game? Please check BackerKit does not work in your browser! I've tried different settings and configurations on my {product_purchased}, but the issue persists.",kaggle,HIGH,HIGH,
378,Account access,"I'm having an issue with the {product_purchased}. Please assist.

We'll also be posting a FAQ's to help you find the product to purchase.

Please note: this is not the first time that we've I'm unable to find the option to perform the desired action in the {product_purchased}. Could you please guide me through the steps?",kaggle,MEDIUM,MEDIUM,
84,Active Session Loop Causing App Crash,"Our application is stuck in a continuous crash loop, wiping user sessions. Please resolve ASAP to prevent further data loss.",synthetic,CRITICAL,CRITICAL,
528,Installation support,"I'm having an issue with the {product_purchased}. Please assist.

- If the {product_purchased}, if the {product_purchased_by} is different than {product_purchased }, I've noticed that the issue occurs consistently when I use a specific feature or application on my {product_purchased}.",kaggle,HIGH,HIGH,
663,Data loss,"I've noticed a software bug in the {product_purchased} app. It's causing data loss and unexpected errors. How can I resolve this issue? * * * * * *

If you're using the NAND Flash plugin I've reviewed the troubleshooting steps on the official support website, but they didn't resolve the problem.",kaggle,HIGH,HIGH,
530,Display issue,"I'm having an issue with the {product_purchased}. Please assist.

Please provide a screenshot or audio if you see a bug and/or issue. Email: bug@wix.com

Thanks!

Please I need assistance as soon as possible because it's affecting my work and productivity.",kaggle,HIGH,HIGH,
673,Payment issue,"I'm having an issue with the {product_purchased}. Please assist.


Q. I get a bunch of crap messages about ""this is a broken product"" because of the name.

A. I don't know a I've performed a factory reset on my {product_purchased}, hoping it would resolve the problem, but it didn't help.",kaggle,HIGH,HIGH,
243,Payment issue,"I'm having an issue with the {product_purchased}. Please assist. ""

>

> Note: There may be a few of these errors on this page.

if ( product_name =='\r ' I've recently updated the firmware of my {product_purchased}, and the issue started happening afterward. Could it be related to the update?",kaggle,LOW,LOW,
579,Battery life,"I'm having an issue with the {product_purchased}. Please assist.

"" ""

-

"" ""

-

"" ""

if (product_total >= 0 &&! product_total > I'm worried that the issue might be hardware-related and might require repair or replacement.",kaggle,HIGH,HIGH,
783,Refund request,"I'm having an issue with the {product_purchased}. Please assist.

I have an issue with the {product_purchased}. Please assist.

I have an issue with the {product_purchased}. I've recently updated the firmware of my {product_purchased}, and the issue started happening afterward. Could it be related to the update?",kaggle,CRITICAL,CRITICAL,
157,Session Timeout Issue After 15 Minutes,I'm getting logged out frequently while working on a task. This is very frustrating and causing delays in our workflow. Could you increase the session timeout period?,synthetic,MEDIUM,MEDIUM,
306,Product recommendation,"I'm having an issue with the {product_purchased}. Please assist.

{product_purchases}

{Product#{""product_purchased_id"":""11"",""categoryName"":""categories"",""price"":{"" I'm worried that the issue might be hardware-related and might require repair or replacement.",kaggle,LOW,LOW,
731,Peripheral compatibility,"I'm having an issue with the {product_purchased}. Please assist.

How to fix this error?

You should call this email address.

If you didn't know, Windows 8 will warn you that this issue I've noticed a sudden decrease in battery life on my {product_purchased}. It used to last much longer.",kaggle,CRITICAL,CRITICAL,
349,Product recommendation,"I'm having an issue with the {product_purchased}. Please assist.

The message ""Products not available."" has not been marked. Please try the product.

Try again.

You have purchased the incorrect product or The issue I'm facing is intermittent. Sometimes it works fine, but other times it acts up unexpectedly.",kaggle,LOW,LOW,
60,Publicly Accessible Database Credentials Exposing Sensitive Data,"Our database credentials were left exposed, putting sensitive customer data at risk. Please resolve ASAP.",synthetic,CRITICAL,CRITICAL,
785,Delivery problem,"I'm having an issue with the {product_purchased}. Please assist.


If you have an item that was never picked in a quantity and you are not happy with the purchase then simply return it!


If you want the I've noticed a sudden decrease in battery life on my {product_purchased}. It used to last much longer.",kaggle,CRITICAL,CRITICAL,
497,Product recommendation,"I'm having an issue with the {product_purchased}. Please assist.

You can tell us your account was bought after you downloaded and installed, but it doesn't appear to have worked!

Did this help you? Yes I'm concerned about the security of my {product_purchased} and would like to ensure that my data is safe.",kaggle,MEDIUM,MEDIUM,
696,Account access,"I've forgotten my password for my {product_purchased} account, and the password reset option is not working. How can I recover my account?

My credit card information was stolen

Calls to your credit reporting company were I've noticed a sudden decrease in battery life on my {product_purchased}. It used to last much longer.",kaggle,CRITICAL,CRITICAL,
676,Battery life,"I'm having an issue with the {product_purchased}. Please assist. :)

And for an update on this, that's our current policy: We may change your product at any time.

Thank you!


< I'm experiencing this issue on multiple devices of the same model, so it seems to be a widespread problem.",kaggle,HIGH,HIGH,
115,Database Backup Process Taking Too Long,"The database backup process is taking too long, which is causing delays in our workflow. Could you optimize the backup process?",synthetic,MEDIUM,MEDIUM,
301,Cancellation request,"I'm having an issue with the {product_purchased}. Please assist.

This product supports the following flavors:

Mango

Shannon

Pear

Noodles

Bananas

Dessert I've tried clearing the cache and data for the {product_purchased} app, but the issue persists.",kaggle,LOW,LOW,
715,Refund request,"I'm having an issue with the {product_purchased}. Please assist. I can check this out here.

A couple weeks ago I found a lot of my friends that were interested in the new product. So, I made my I've recently updated the firmware of my {product_purchased}, and the issue started happening afterward. Could it be related to the update?",kaggle,CRITICAL,CRITICAL,
347,Product recommendation,"I'm having an issue with the {product_purchased}. Please assist. {{cite web | title=I'm having an issue with the {product_purchased}. Please assist.

It looks like a simple request to I've recently updated the firmware of my {product_purchased}, and the issue started happening afterward. Could it be related to the update?",kaggle,LOW,LOW,
256,Data loss,"The {product_purchased} is unable to establish a stable internet connection. It keeps disconnecting intermittently. How can I troubleshoot this network problem? I rely heavily on my {product_purchased} for my daily tasks, and this issue is hindering my productivity.",kaggle,LOW,LOW,
807,Payment issue,"I'm having an issue with the {product_purchased}. Please assist. Please contact me if you have any additional questions. I am a freelance service that provides an online service for people looking for a good quality product from GoodMVC. I've tried troubleshooting steps mentioned in the user manual, but the issue persists.",kaggle,CRITICAL,CRITICAL,
568,Data loss,"I'm having an issue with the {product_purchased}. Please assist.

The product_purchased message is a reference to something that was successfully purchased but lost its value. Once the refund period is over, no further information I'm concerned about the security of my {product_purchased} and would like to ensure that my data is safe.",kaggle,HIGH,HIGH,
748,Software bug,"I've encountered a data loss issue with my {product_purchased}. All the files and documents seem to have disappeared. Can you guide me on how to retrieve them? Thanks.

A: It's possible that it happens when a I'm unable to find the option to perform the desired action in the {product_purchased}. Could you please guide me through the steps?",kaggle,CRITICAL,CRITICAL,
322,Installation support,"I'm having an issue with the {product_purchased}. Please assist.

This is an overview of what's available and how to use the system.

If you have additional questions or need further feedback, e-mail: I've tried clearing the cache and data for the {product_purchased} app, but the issue persists.",kaggle,LOW,LOW,
246,Refund request,"I'm having an issue with the {product_purchased}. Please assist. It is a gift for those with an issue that will likely not be resolved through that gift. I'll help by sending the item to you on Saturday or Sunday in I rely heavily on my {product_purchased} for my daily tasks, and this issue is hindering my productivity.",kaggle,LOW,LOW,
89,Email Notification Template,I think it'd be great if the email notification template could be customised a bit more,synthetic,LOW,LOW,
338,Network problem,"I'm having an issue with the {product_purchased}. Please assist.

If you would like to download a free copy of the product (the product_purchased), please e-mail me when they return your copy to I've followed online tutorials and community forums to troubleshoot the issue, but no luck so far.",kaggle,LOW,LOW,
209,Unreliable payment checkout due to expired SSL cert,We've noticed an increase in failed payments since the SSL certificate expired. This is unacceptable and we need this fixed immediately. Our customers are being affected.,synthetic,HIGH,HIGH,
427,Network problem,"I'm having an issue with the {product_purchased}. Please assist. Thank you!""

""Thank you"", said the user.

""Thank you"", replied the console.

""Thank you"", said the user. I've checked for any available software updates for my {product_purchased}, but there are none.",kaggle,MEDIUM,MEDIUM,
257,Account access,"The {product_purchased} is unable to establish a stable internet connection. It keeps disconnecting intermittently. How can I troubleshoot this network problem?

If you want to troubleshoot your firewall, you're looking to I've already contacted customer support multiple times, but the issue remains unresolved.",kaggle,LOW,LOW,
625,Product recommendation,"I'm having an issue with the {product_purchased}. Please assist.

The following link is no longer working: https://support.steampowered.com/kb_article/7443770

Now I've I need assistance as soon as possible because it's affecting my work and productivity.",kaggle,HIGH,HIGH,
146,Colour Scheme Consistency,I've noticed that the colour scheme isn't entirely consistent across the analytics dashboard. Just a minor suggestion,synthetic,LOW,LOW,
424,Peripheral compatibility,"I'm facing a problem with my {product_purchased}. The {product_purchased} is not turning on. It was working fine until yesterday, but now it doesn't respond. I have no idea what's wrong. I've already contacted customer support multiple times, but the issue remains unresolved.",kaggle,MEDIUM,MEDIUM,
442,Cancellation request,"I'm having an issue with the {product_purchased}. Please assist.

My computer is running Windows. If I go to the {product_purchased}. Please assist.* and select ""Create Product"" from the list of I've noticed a sudden decrease in battery life on my {product_purchased}. It used to last much longer.",kaggle,MEDIUM,MEDIUM,
353,Installation support,"I've forgotten my password for my {product_purchased} account, and the password reset option is not working. How can I recover my account?

$ sudo passwd

$ sudo -u username $ cd / -p I've tried using different cables, adapters, or peripherals with my {product_purchased}, but the issue persists.",kaggle,LOW,LOW,
566,Refund request,"I'm having an issue with the {product_purchased}. Please assist.

How can I report a complaint?

We accept an online form which will assist you in collecting, reporting and ensuring your account is up to date. I've noticed that the issue occurs consistently when I use a specific feature or application on my {product_purchased}.",kaggle,HIGH,HIGH,
464,Cancellation request,"I'm having an issue with the {product_purchased}. Please assist.

I don't understand. What is the problem with the {product_purchased}. I've read that by ""I don't understand. What is The issue I'm facing is intermittent. Sometimes it works fine, but other times it acts up unexpectedly.",kaggle,MEDIUM,MEDIUM,
772,Data loss,"My {product_purchased} crashed, and I lost all the data stored on it. Is there any way to recover the lost data? {$product_purchased} cannot be retrieved.

This will result in our customer I've noticed a peculiar error message popping up on my {product_purchased} screen. It says '{error_message}'. What does it mean?",kaggle,CRITICAL,CRITICAL,
717,Installation support,I'm having an issue with the {product_purchased}. Please assist. :) This problem started occurring after the recent software update. I haven't made any other changes to the device.,kaggle,CRITICAL,CRITICAL,
493,Product recommendation,"I've recently set up my {product_purchased}, but it fails to connect to any available networks. What steps should I take to troubleshoot this issue?

As of this writing, I am not at fault, and am I've noticed a peculiar error message popping up on my {product_purchased} screen. It says '{error_message}'. What does it mean?",kaggle,MEDIUM,MEDIUM,
260,Cancellation request,"I've forgotten my password for my {product_purchased} account, and the password reset option is not working. How can I recover my account? After checking your account and resetting both your password and the password reset option in the settings I've noticed that the issue occurs consistently when I use a specific feature or application on my {product_purchased}.",kaggle,LOW,LOW,
470,Product setup,"I'm having an issue with the {product_purchased}. Please assist. -

[2 - #3 | #x | #y]

[[(0..3 | 100)]]

<- }[[( I've noticed a sudden decrease in battery life on my {product_purchased}. It used to last much longer.",kaggle,MEDIUM,MEDIUM,
297,Hardware issue,"I'm having an issue with the {product_purchased}. Please assist. Thank you if you find this issue. :/

I've got a problem with the {product_purchased}. Please assist. Thank you if you I've already contacted customer support multiple times, but the issue remains unresolved.",kaggle,LOW,LOW,
398,Product recommendation,"I've accidentally deleted important data from my {product_purchased}. Is there any way to recover the deleted files? I need them urgently. Is there a program that's up and running that can help with this? I must be wrong about I've reviewed the troubleshooting steps on the official support website, but they didn't resolve the problem.",kaggle,MEDIUM,MEDIUM,
158,Failed Backup and Restore Process,"Our backup and restore process has failed, resulting in data loss. Urgent assistance required to prevent further data loss",synthetic,HIGH,CRITICAL,
127,Invoice Generation Delay After Payment,"We're experiencing a delay after making a payment, and it's taking longer than expected for the invoice to be generated. Could you speed up this process?",synthetic,MEDIUM,MEDIUM,
380,Product recommendation,"I'm unable to access my {product_purchased} account. It keeps displaying an 'Invalid Credentials' error, even though I'm using the correct login information. How can I regain access to my account?

You're I've already contacted customer support multiple times, but the issue remains unresolved.",kaggle,MEDIUM,MEDIUM,
222,Analytics Dashboard Filter Persistence Issue,The filter I selected on the dashboard doesn't stay applied. This is annoying as it takes extra steps to reset every time. Please fix soon.,synthetic,MEDIUM,LOW,
742,Product recommendation,"I'm having an issue with the {product_purchased}. Please assist.

Purchasing can take as long as 30 mins. Please choose a different item to sell and we will contact you within 2 days.

Please try I've recently updated the firmware of my {product_purchased}, and the issue started happening afterward. Could it be related to the update?",kaggle,CRITICAL,CRITICAL,
685,Payment issue,"I'm unable to access my {product_purchased} account. It keeps displaying an 'Invalid Credentials' error, even though I'm using the correct login information. How can I regain access to my account? Please follow the instructions The issue I'm facing is intermittent. Sometimes it works fine, but other times it acts up unexpectedly.",kaggle,CRITICAL,CRITICAL,
13,User Roles and Permissions Malfunctioning After Latest Update,"Our latest release broke user access controls, allowing unauthorized access. Please fix as soon as possible.",synthetic,CRITICAL,CRITICAL,
402,Account access,"I'm having an issue with the {product_purchased}. Please assist. negative_product_purchased_bad.php

http://www.themethayout.com/t/this/2013-new- I've performed a factory reset on my {product_purchased}, hoping it would resolve the problem, but it didn't help.",kaggle,MEDIUM,MEDIUM,
79,"Complete system outage, please rectify.",All users are unable to access the app. The database is unresponsive. This requires immediate attention.,synthetic-edge,CRITICAL,CRITICAL,
456,Product compatibility,"I'm having an issue with the {product_purchased}. Please assist.

#1: 1 Product Purchased: 0 2 Product Purchases: 0 3 3.6% 2.1% 3.7% 3. I've recently updated the firmware of my {product_purchased}, and the issue started happening afterward. Could it be related to the update?",kaggle,MEDIUM,MEDIUM,
641,Installation support,"I'm having trouble connecting my {product_purchased} to my home Wi-Fi network. It doesn't detect any networks, although other devices are connecting fine. What can be done to resolve this issue? I would like to see the I'm unable to find the option to perform the desired action in the {product_purchased}. Could you please guide me through the steps?",kaggle,HIGH,HIGH,
414,Data loss,"I've noticed a software bug in the {product_purchased} app. It's causing data loss and unexpected errors. How can I resolve this issue? Go find the file named {product_purchased}.php and open it in I've already contacted customer support multiple times, but the issue remains unresolved.",kaggle,MEDIUM,MEDIUM,
589,Product setup,"I'm having an issue with the {product_purchased}. Please assist. Thank you.

Rated 3 out of 5 by Erosg curiosity from Not as good as the others I ordered this and the product came out fine. I I'm unable to find the option to perform the desired action in the {product_purchased}. Could you please guide me through the steps?",kaggle,HIGH,HIGH,
403,Account access,"I'm having an issue with the {product_purchased}. Please assist.

It's a really nice price. I can't believe it's in there.

What's a good item to buy when you're having a lot I've tried troubleshooting steps mentioned in the user manual, but the issue persists.",kaggle,MEDIUM,MEDIUM,
553,Network problem,"I've recently set up my {product_purchased}, but it fails to connect to any available networks. What steps should I take to troubleshoot this issue?

I've recently set up my phone into a wireless network to connect I've performed a factory reset on my {product_purchased}, hoping it would resolve the problem, but it didn't help.",kaggle,HIGH,HIGH,
407,Delivery problem,"I've recently set up my {product_purchased}, but it fails to connect to any available networks. What steps should I take to troubleshoot this issue?

Log into the app.

Navigate to the app store I'm concerned about the security of my {product_purchased} and would like to ensure that my data is safe.",kaggle,MEDIUM,MEDIUM,
172,Analytics Dashboard Could Support Customizable Dashboards,Would love the option to customize the analytics dashboard to show only the metrics that matter to me.,synthetic,LOW,LOW,
648,Product compatibility,"I'm having an issue with the {product_purchased}. Please assist.

If I have purchased merchandise for a given character or title but did not receive these at the initial sale, please let me know in an email. I'm concerned about the security of my {product_purchased} and would like to ensure that my data is safe.",kaggle,HIGH,HIGH,
660,Cancellation request,"I'm having an issue with the {product_purchased}. Please assist. "" #""


A browser error has occurred.

Please hold the Shift key and click the Refresh button to try again. I've noticed a peculiar error message popping up on my {product_purchased} screen. It says '{error_message}'. What does it mean?",kaggle,HIGH,HIGH,
56,Third-Party Integration Failure Stopping Payment Processing,"Our payment gateway integration has failed, preventing our customers from making transactions. This is critical.",synthetic,CRITICAL,CRITICAL,
469,Installation support,"The {product_purchased} is unable to establish a stable internet connection. It keeps disconnecting intermittently. How can I troubleshoot this network problem? How can anyone try to run an exploit which fails?

The system does I'm experiencing this issue on multiple devices of the same model, so it seems to be a widespread problem.",kaggle,MEDIUM,MEDIUM,
471,Product recommendation,"I'm having an issue with the {product_purchased}. Please assist. Contact me at support[at]gmail[dot]com:[at](http://www.facebook.com/support) to see if we can arrange a I've performed a factory reset on my {product_purchased}, hoping it would resolve the problem, but it didn't help.",kaggle,MEDIUM,MEDIUM,
399,Refund request,"I'm having an issue with the {product_purchased}. Please assist. {product_id} is not a valid key type by default {product_id} of product.product

You can set {product_id} of I've noticed a sudden decrease in battery life on my {product_purchased}. It used to last much longer.",kaggle,MEDIUM,MEDIUM,
782,Product setup,"I'm having an issue with the {product_purchased}. Please assist.

I also don't see a product link with the information you have requested. Please use the contact form, please feel free to reach out into my support form I've followed online tutorials and community forums to troubleshoot the issue, but no luck so far.",kaggle,CRITICAL,CRITICAL,
228,Account access,"My {product_purchased} crashed, and I lost all the data stored on it. Is there any way to recover the lost data?

The solution: use your browser's data recovery feature to recover the data only if you've I rely heavily on my {product_purchased} for my daily tasks, and this issue is hindering my productivity.",kaggle,LOW,LOW,
341,Data loss,"I'm having an issue with the {product_purchased}. Please assist. As with other products we've requested, please make those sales with a good quality or not do things at all until they are on the way, but our customers should I've checked the device settings and made sure that everything is configured correctly.",kaggle,LOW,LOW,
174,CSV export is producing files with incorrect encoding,"The CSV export feature is producing files with incorrect encoding, which is affecting our reporting needs. Can this be resolved today?",synthetic,HIGH,LOW,
267,Installation support,"I'm having an issue with the {product_purchased}. Please assist.

$2.99 - $3.99 Price increase of up to $10 per order.


*This item ships free of charge with all orders I rely heavily on my {product_purchased} for my daily tasks, and this issue is hindering my productivity.",kaggle,LOW,LOW,
764,Display issue,"I'm having an issue with the {product_purchased}. Please assist. I've reviewed the troubleshooting steps on the official support website, but they didn't resolve the problem.",kaggle,CRITICAL,CRITICAL,
473,Delivery problem,"I'm having an issue with the {product_purchased}. Please assist.

"" ""


"" ""


"" ""


"" ""


"" ""


"" ""


"" ""


"" "" I've noticed a peculiar error message popping up on my {product_purchased} screen. It says '{error_message}'. What does it mean?",kaggle,MEDIUM,MEDIUM,
16,Analytics Dashboard Chart Not Updating,The charts on the analytics dashboard are not updating in real-time as expected. This requires manual intervention to update the reports.,synthetic,MEDIUM,MEDIUM,
118,Unreliable Two-Factor Authentication with Google Auth,"We're experiencing issues with two-factor authentication when using Google Auth, resulting in incorrect authentication requests.",synthetic,MEDIUM,CRITICAL,
443,Account access,"I'm having an issue with the {product_purchased}. Please assist. # # Thank you # for all help. <br type=""text/plain"">Thank you for your concern, @m._W. </span> < I'm concerned about the security of my {product_purchased} and would like to ensure that my data is safe.",kaggle,MEDIUM,MEDIUM,
29,Ticket search is not returning results for closed tickets,"We're unable to search for closed tickets, which is affecting our support operations. Can you assist us in resolving this issue?",synthetic,HIGH,MEDIUM,
32,Incorrect Timezone Display on Dashboard,"The user timezone displayed on the dashboard is not accurate, showing the wrong time. This needs to be fixed soon to prevent confusion amongst our team.",synthetic,MEDIUM,LOW,
203,Mobile App Sync Issue with Server,"Our mobile app is having trouble syncing data with the server, resulting in delayed updates. The sync process is slow and unreliable.",synthetic,MEDIUM,MEDIUM,
255,Battery life,"I'm facing a problem with my {product_purchased}. The {product_purchased} is not turning on. It was working fine until yesterday, but now it doesn't respond. I'll post a link to support if necessary I've performed a factory reset on my {product_purchased}, hoping it would resolve the problem, but it didn't help.",kaggle,LOW,LOW,
385,Battery life,"I'm having an issue with the {product_purchased}. Please assist.

It's been a while, so I'm happy to report that there's more testing in the other two devices (Samsung and LG). It seems that only I've noticed a sudden decrease in battery life on my {product_purchased}. It used to last much longer.",kaggle,MEDIUM,MEDIUM,
487,Cancellation request,"I'm having an issue with the {product_purchased}. Please assist. I've already contacted customer support multiple times, but the issue remains unresolved.",kaggle,MEDIUM,MEDIUM,
637,Hardware issue,"I'm having an issue with the {product_purchased}. Please assist.

You were a customer of my store. Please contact me

For me, it's difficult to make it right for you.

I can tell I've followed online tutorials and community forums to troubleshoot the issue, but no luck so far.",kaggle,HIGH,HIGH,
94,Error: Unable to connect to database.,The dashboard displays 'Failed to connect to database' error. It affects all users. We need immediate resolution.,synthetic-edge,CRITICAL,CRITICAL,
337,Network problem,"There seems to be a glitch in the {product_purchased} software. It freezes frequently, making it difficult to use. Can you please provide a solution?

If we don't have enough money, then we have to remove all I've already contacted customer support multiple times, but the issue remains unresolved.",kaggle,LOW,LOW,
223,User Role Hierarchy,Could we add a feature to create a role hierarchy? That would be super helpful,synthetic,LOW,LOW,
12,File Uploads Could Have Progress Bars,"When uploading files, it would be great to see progress bars to know how much longer it'll take.",synthetic,LOW,LOW,
28,Minor Typo in Session Management Documentation,"In the session management documentation, there's a small typo on the second page.",synthetic,LOW,LOW,
756,Refund request,"I'm having an issue with the {product_purchased}. Please assist. I've checked for software updates, and my {product_purchased} is already running the latest version.",kaggle,CRITICAL,CRITICAL,
240,Cancellation request,"I'm having an issue with the {product_purchased}. Please assist.

[14:03:15]SAY: Jell E. Donnit/Soviet_Sylvanian : Yeah, I dunno. I want a I've noticed a peculiar error message popping up on my {product_purchased} screen. It says '{error_message}'. What does it mean?",kaggle,LOW,LOW,
265,Software bug,"I've noticed a software bug in the {product_purchased} app. It's causing data loss and unexpected errors. How can I resolve this issue?

There are several methods at the moment available to solve this issue, but there The issue I'm facing is intermittent. Sometimes it works fine, but other times it acts up unexpectedly.",kaggle,LOW,LOW,
670,Peripheral compatibility,"I'm having an issue with the {product_purchased}. Please assist. <3

[12:17:16]EMOTE: *no key*/(monkey (834)) : <b>The monkey (834)</b I've recently updated the firmware of my {product_purchased}, and the issue started happening afterward. Could it be related to the update?",kaggle,HIGH,HIGH,
565,Refund request,"I'm having an issue with the {product_purchased}. Please assist. The product item is already in stock.

Please note when we sell or order a product we do not sell or transfer any customer data in-stock into your I'm using the original charger that came with my {product_purchased}, but it's not charging properly.",kaggle,HIGH,HIGH,
113,Audit Log Entries Could Include User Information,Thought it would be useful if the audit log entries included the user who made the changes.,synthetic,LOW,LOW,
445,Product compatibility,"I've encountered a data loss issue with my {product_purchased}. All the files and documents seem to have disappeared. Can you guide me on how to retrieve them? Thanks!

Thanks again for sharing this news!

In I've tried different settings and configurations on my {product_purchased}, but the issue persists.",kaggle,MEDIUM,MEDIUM,
677,Network problem,"I'm having an issue with the {product_purchased}. Please assist. Please help me.

I'm having an issue with the {product_purchased}. Please assist. Please help me.

I'm having an I've recently updated the firmware of my {product_purchased}, and the issue started happening afterward. Could it be related to the update?",kaggle,CRITICAL,CRITICAL,
85,Subscription Renewal Notifications Not Sent,"We're not receiving subscription renewal notifications, which is causing us to miss payments. Can you investigate this issue?",synthetic,MEDIUM,MEDIUM,
765,Display issue,"My {product_purchased} is making strange noises and not functioning properly. I suspect there might be a hardware issue. Can you please help me with this? Or can you please do better?

Thank you! I've noticed a peculiar error message popping up on my {product_purchased} screen. It says '{error_message}'. What does it mean?",kaggle,CRITICAL,CRITICAL,
125,User Roles and Permissions,When assigning user roles I wish the permission list was a bit more detailed. Just a thought,synthetic,LOW,LOW,
636,Battery life,"I'm having an issue with the {product_purchased}. Please assist. */

If you have more than 2-byte digits, create a new string, add the ""1/12"" into each digit field and pass the output I'm unable to find the option to perform the desired action in the {product_purchased}. Could you please guide me through the steps?",kaggle,HIGH,HIGH,
371,Payment issue,I'm having an issue with the {product_purchased}. Please assist. Thanks: <mrs.clark.ch> (M) (12:10 PM #2914) dac7b917 [22:52 I've noticed that the issue occurs consistently when I use a specific feature or application on my {product_purchased}.,kaggle,LOW,LOW,
34,Mobile app crashes on login due to token mismatch,"Our mobile app is unusable after the recent update, causing frustration among our users. This needs to be fixed ASAP.",synthetic,HIGH,CRITICAL,
730,Installation support,"I'm having an issue with the {product_purchased}. Please assist. I don't understand how a company can provide more value at prices lower than what they were offering.

It seems like your shop offers $3.00 to I've tried clearing the cache and data for the {product_purchased} app, but the issue persists.",kaggle,CRITICAL,CRITICAL,
475,Data loss,"I've encountered a data loss issue with my {product_purchased}. All the files and documents seem to have disappeared. Can you guide me on how to retrieve them? Please take time to ask. If there is something else I can do I've checked for software updates, and my {product_purchased} is already running the latest version.",kaggle,MEDIUM,MEDIUM,
91,User session management is causing authentication loops,"Our users are experiencing authentication loops, which is creating frustration and security concerns. Can you assist us in resolving this issue?",synthetic,HIGH,HIGH,
356,Peripheral compatibility,"I'm having an issue with the {product_purchased}. Please assist. I've performed a factory reset on my {product_purchased}, hoping it would resolve the problem, but it didn't help.",kaggle,LOW,LOW,
373,Account access,"I've noticed a software bug in the {product_purchased} app. It's causing data loss and unexpected errors. How can I resolve this issue?

If you have an Apple ID with valid code in your iOS device, you The issue I'm facing is intermittent. Sometimes it works fine, but other times it acts up unexpectedly.",kaggle,LOW,LOW,
541,Installation support,I've accidentally deleted important data from my {product_purchased}. Is there any way to recover the deleted files? I need them urgently. A large amount of time has passed since a lot of users decided to re-download files from their I need assistance as soon as possible because it's affecting my work and productivity.,kaggle,HIGH,HIGH,
67,"Error deleting user accounts, needs fixing.",Our team is experiencing issues deleting user accounts. This is impacting our productivity and requiring overtime.,synthetic-edge,MEDIUM,MEDIUM,
404,Software bug,"I'm having an issue with the {product_purchased}. Please assist.

In this case the new product was purchased through the account with no warranty. I'm concerned about the security of my {product_purchased} and would like to ensure that my data is safe.",kaggle,MEDIUM,MEDIUM,
584,Hardware issue,"I'm having an issue with the {product_purchased}. Please assist.

Please enable JavaScript to view the comments powered by Disqus. I've already contacted customer support multiple times, but the issue remains unresolved.",kaggle,HIGH,HIGH,
777,Cancellation request,"I'm having an issue with the {product_purchased}. Please assist. {Product_purchased} may have been a customer request that did not go through and it can't be returned. Please advise immediately.

The customer I need assistance as soon as possible because it's affecting my work and productivity.",kaggle,CRITICAL,CRITICAL,
478,Account access,"The {product_purchased} is unable to establish a stable internet connection. It keeps disconnecting intermittently. How can I troubleshoot this network problem?

#2. Make sure you are using the latest version of Chrome, I've noticed a peculiar error message popping up on my {product_purchased} screen. It says '{error_message}'. What does it mean?",kaggle,MEDIUM,MEDIUM,
54,Security Audit Log Overload,"Audit logs are being written at an alarming rate, causing system overload and potential security risks.",synthetic,CRITICAL,CRITICAL,
520,Delivery problem,I'm having an issue with the {product_purchased}. Please assist. I've checked the device settings and made sure that everything is configured correctly.,kaggle,MEDIUM,MEDIUM,
41,Session Inactivity Time Limit,What's the current inactivity time limit for session expiration? I'm curious about that,synthetic,LOW,LOW,
375,Peripheral compatibility,I'm facing issues logging into my {product_purchased} account. It says my account is locked. What should I do to unlock it? This is when I get a call saying...I need a phone number and a PIN or something I'm not sure if this issue is specific to my device or if others have reported similar problems.,kaggle,LOW,LOW,
15,"Data integrity compromised, please help.","Our database has been compromised, resulting in data inconsistencies and errors. This requires immediate resolution.",synthetic-edge,CRITICAL,CRITICAL,
286,Product compatibility,"I'm having an issue with the {product_purchased}. Please assist.

Please tell us if there is not an issue of this type on your store. If you see something like what you see on an order and would like us I'm unable to find the option to perform the desired action in the {product_purchased}. Could you please guide me through the steps?",kaggle,LOW,LOW,
346,Data loss,"I'm having an issue with the {product_purchased}. Please assist.

I've not had a problem with this before, so far only with an old (non-Sudoku) product called Soreby. It works I've checked for any available software updates for my {product_purchased}, but there are none.",kaggle,LOW,LOW,
649,Network problem,"I'm encountering a software bug in the {product_purchased}. Whenever I try to perform a specific action, the application crashes. Are there any updates or fixes available? (Yes, I need to update the application.) Would any of the I've performed a factory reset on my {product_purchased}, hoping it would resolve the problem, but it didn't help.",kaggle,HIGH,HIGH,
274,Cancellation request,"My {product_purchased} crashed, and I lost all the data stored on it. Is there any way to recover the lost data? It still doesn't explain why I got the error.

My {product_purchased I've noticed a peculiar error message popping up on my {product_purchased} screen. It says '{error_message}'. What does it mean?",kaggle,LOW,LOW,
259,Product compatibility,"I'm having an issue with the {product_purchased}. Please assist.

""

""I feel like you're very responsible to me for knowing this product. I've been going through this since January 10th. Please assist I've tried different settings and configurations on my {product_purchased}, but the issue persists.",kaggle,LOW,LOW,
627,Network problem,"The {product_purchased} is unable to establish a stable internet connection. It keeps disconnecting intermittently. How can I troubleshoot this network problem?

If you can't find a solution, please send a request and we I need assistance as soon as possible because it's affecting my work and productivity.",kaggle,HIGH,HIGH,
409,Peripheral compatibility,"My {product_purchased} crashed, and I lost all the data stored on it. Is there any way to recover the lost data? I'm guessing it could do a few pieces of work (just the reseting of the database for I rely heavily on my {product_purchased} for my daily tasks, and this issue is hindering my productivity.",kaggle,MEDIUM,MEDIUM,
98,REST API Could Support API Keys,Would be really helpful if the REST API supported API keys for authentication.,synthetic,LOW,LOW,
682,Software bug,"I'm having an issue with the {product_purchased}. Please assist. "" } I'm unable to find the option to perform the desired action in the {product_purchased}. Could you please guide me through the steps?",kaggle,CRITICAL,CRITICAL,
669,Battery life,"I'm having an issue with the {product_purchased}. Please assist. The issue I'm facing is intermittent. Sometimes it works fine, but other times it acts up unexpectedly.",kaggle,HIGH,HIGH,
381,Network problem,"I'm having an issue with the {product_purchased}. Please assist.

Please enable JavaScript to view the comments powered by Disqus. I'm unable to find the option to perform the desired action in the {product_purchased}. Could you please guide me through the steps?",kaggle,MEDIUM,MEDIUM,
410,Delivery problem,"I'm having an issue with the {product_purchased}. Please assist. I'm not quite sure what you're talking about, and not just because we have another customer to deal with. As usual with our customers, we provide updates and I've tried different settings and configurations on my {product_purchased}, but the issue persists.",kaggle,MEDIUM,MEDIUM,
672,Account access,"I've forgotten my password for my {product_purchased} account, and the password reset option is not working. How can I recover my account?

Yes.

Once logged off, you can reset your account to your usual I'm concerned about the security of my {product_purchased} and would like to ensure that my data is safe.",kaggle,HIGH,HIGH,
38,Critical Error on Integration with Salesforce,Our Salesforce integration has a critical error that affects our sales and marketing teams. Urgent assistance required,synthetic,HIGH,CRITICAL,
82,Ticket Search Functionality Not Working as Expected,"The ticket search functionality is not working as expected, and it's taking too long to load results. Can you fix this?",synthetic,MEDIUM,LOW,
212,Subscription Billing Inconsistent Renewal Dates,"Our subscription billing is inconsistent, resulting in incorrect renewal dates and impacting our revenue tracking.",synthetic,MEDIUM,CRITICAL,
509,Network problem,"I'm encountering a software bug in the {product_purchased}. Whenever I try to perform a specific action, the application crashes. Are there any updates or fixes available? I'm finding that there are not much updates to the app. Should I rely heavily on my {product_purchased} for my daily tasks, and this issue is hindering my productivity.",kaggle,MEDIUM,MEDIUM,
542,Account access,"I'm unable to access my {product_purchased} account. It keeps displaying an 'Invalid Credentials' error, even though I'm using the correct login information. How can I regain access to my account?

The last I've noticed a sudden decrease in battery life on my {product_purchased}. It used to last much longer.",kaggle,HIGH,HIGH,
761,Display issue,"I'm having an issue with the {product_purchased}. Please assist.

* This service may expirebottle on a timely basis.

* * This service may not resolve your issue. Please contact us directly

* I've performed a factory reset on my {product_purchased}, hoping it would resolve the problem, but it didn't help.",kaggle,CRITICAL,CRITICAL,
675,Product recommendation,"I'm having an issue with the {product_purchased}. Please assist.

Add to cart: Please select a size. I've tried using different cables, adapters, or peripherals with my {product_purchased}, but the issue persists.",kaggle,HIGH,HIGH,
245,Product recommendation,I'm having an issue with the {product_purchased}. Please assist. I'm not sure if this issue is specific to my device or if others have reported similar problems.,kaggle,LOW,LOW,
705,Software bug,"I'm having an issue with the {product_purchased}. Please assist.

What should i find I need to update the shipping?

• Make sure you have an account of your choice. Your account may be listed below if I need assistance as soon as possible because it's affecting my work and productivity.",kaggle,CRITICAL,CRITICAL,
751,Payment issue,"My {product_purchased} is making strange noises and not functioning properly. I suspect there might be a hardware issue. Can you please help me with this?

Yes, but no need to update; don't know who has that I've tried different settings and configurations on my {product_purchased}, but the issue persists.",kaggle,CRITICAL,CRITICAL,
361,Software bug,"I'm having an issue with the {product_purchased}. Please assist. Thank you,

""Powered by the MMC Engine"".

And I need you to do it. And I need you to do it. But This problem started occurring after the recent software update. I haven't made any other changes to the device.",kaggle,LOW,LOW,
525,Peripheral compatibility,"I'm having trouble connecting my {product_purchased} to my home Wi-Fi network. It doesn't detect any networks, although other devices are connecting fine. What can be done to resolve this issue? [26:29] < I've tried using different cables, adapters, or peripherals with my {product_purchased}, but the issue persists.",kaggle,MEDIUM,MEDIUM,
393,Peripheral compatibility,"I'm having an issue with the {product_purchased}. Please assist.

This issue relates to the product with which to purchase the item, it seems to be on other sites.

Note: There are instructions on how to I've tried using different cables, adapters, or peripherals with my {product_purchased}, but the issue persists.",kaggle,MEDIUM,MEDIUM,
131,PII Data Exposure via API,We detected a vulnerability through our API that's exposing sensitive client data. Please address this now.,synthetic,CRITICAL,CRITICAL,
366,Payment issue,"I'm having an issue with the {product_purchased}. Please assist.

The new item name should be [ {product_purchased}. Please assist. {Product_purchased}.

The {product_ I'm concerned about the security of my {product_purchased} and would like to ensure that my data is safe.",kaggle,LOW,LOW,
491,Peripheral compatibility,"I'm having an issue with the {product_purchased}. Please assist.

Product

Product was not available. Please select the one you need from dropdown menu.

Please select Product | Location

Quantity: I've noticed a peculiar error message popping up on my {product_purchased} screen. It says '{error_message}'. What does it mean?",kaggle,MEDIUM,MEDIUM,
130,System Crash Loop Caused by Inconsistent Session Management,Our application is stuck in a continuous crash loop due to inconsistent session management. Please resolve now.,synthetic,CRITICAL,CRITICAL,
618,Product setup,"I'm having an issue with the {product_purchased}. Please assist.

Here is a little video about what has happened and the problem with this one.

Here is an updated example.

How are you feeling? I'm concerned about the security of my {product_purchased} and would like to ensure that my data is safe.",kaggle,HIGH,HIGH,
644,Product setup,"I'm having an issue with the {product_purchased}. Please assist. Contact me by email. I've tried clearing the cache and data for the {product_purchased} app, but the issue persists.",kaggle,HIGH,HIGH,
21,Subscription Billing Inconsistent Charges,"Our subscription billing is inconsistent, resulting in incorrect charges and impacting our revenue tracking. Please investigate and resolve this soon.",synthetic,MEDIUM,HIGH,
99,Minor Alignment Issue with Email Notifications,The email notifications for new tickets look a bit off-centered.,synthetic,LOW,LOW,
408,Peripheral compatibility,"I'm having an issue with the {product_purchased}. Please assist. If you need help, please reach my Support email address.

Troubleshooting Problems

How Is My T-Mobile Booking Service Works? I've tried using different cables, adapters, or peripherals with my {product_purchased}, but the issue persists.",kaggle,MEDIUM,MEDIUM,
476,Battery life,"I'm having an issue with the {product_purchased}. Please assist.

It's the {product_purchased}. Please assist.

I'm having an issue with {product_purchased}. Please assist. I've tried using different cables, adapters, or peripherals with my {product_purchased}, but the issue persists.",kaggle,MEDIUM,MEDIUM,
229,Product setup,"I'm having an issue with the {product_purchased}. Please assist. -

I'm having an issue with the {""product"" : ""NicoBike""}. Please assist. -

I'm having an issue with I've already contacted customer support multiple times, but the issue remains unresolved.",kaggle,LOW,LOW,
524,Peripheral compatibility,"I'm having an issue with the {product_purchased}. Please assist.

[14:17:55] [Client thread/ERROR]: [CHAT] G4Z [Nerf]: http://www.reddit.com The issue I'm facing is intermittent. Sometimes it works fine, but other times it acts up unexpectedly.",kaggle,MEDIUM,MEDIUM,
270,Payment issue,I'm having an issue with the {product_purchased}. Please assist. I'm not sure if this issue is specific to my device or if others have reported similar problems.,kaggle,LOW,LOW,
687,Account access,"I'm having an issue with the {product_purchased}. Please assist.

4c. Make sure the order number is in the order you are using for your order!

5e. Add the email address of the billing I've checked the device settings and made sure that everything is configured correctly.",kaggle,CRITICAL,CRITICAL,
495,Installation support,"I'm having an issue with the {product_purchased}. Please assist. Please check that you've sent your product to us before shipping.


Please note that the price and delivery fees for our products are not set in stone and do I've checked for any available software updates for my {product_purchased}, but there are none.",kaggle,MEDIUM,MEDIUM,
479,Refund request,"I've noticed a software bug in the {product_purchased} app. It's causing data loss and unexpected errors. How can I resolve this issue? If you'd like to report it to Google, contact me in the comments below. I'm unable to find the option to perform the desired action in the {product_purchased}. Could you please guide me through the steps?",kaggle,MEDIUM,MEDIUM,
588,Cancellation request,"I'm having an issue with the {product_purchased}. Please assist.

I'm not sure what I should do as I already sold it to a man on an empty couch, and if I can get my inventory back as promised I'm concerned about the security of my {product_purchased} and would like to ensure that my data is safe.",kaggle,HIGH,HIGH,
472,Product setup,"I'm having an issue with the {product_purchased}. Please assist.

3. The product you are requesting is already up for review and can be delivered on time, please contact us to make the purchase at the correct time. I've noticed a peculiar error message popping up on my {product_purchased} screen. It says '{error_message}'. What does it mean?",kaggle,MEDIUM,MEDIUM,
653,Software bug,"I'm having an issue with the {product_purchased}. Please assist.

3/12/2017 6:30:39 PM - [4] Please let me know if this is a bug, I am always happy to respond This problem started occurring after the recent software update. I haven't made any other changes to the device.",kaggle,HIGH,HIGH,
4,Payment Checkout Error with Credit Card,"We're experiencing issues with the payment checkout process when using credit cards, resulting in failed transactions. Please investigate and resolve this soon.",synthetic,MEDIUM,HIGH,
580,Product compatibility,I'm having an issue with the {product_purchased}. Please assist. My car insurance rates haven't changed yet. I've contacted the dealership and they have not changed their rates. The price of the 'N' vehicle is $29 I'm concerned about the security of my {product_purchased} and would like to ensure that my data is safe.,kaggle,HIGH,HIGH,
412,Delivery problem,"I'm unable to access my {product_purchased} account. It keeps displaying an 'Invalid Credentials' error, even though I'm using the correct login information. How can I regain access to my account?

We can I've reviewed the troubleshooting steps on the official support website, but they didn't resolve the problem.",kaggle,MEDIUM,MEDIUM,
42,System Failure – API Calls Being Rejected,"Our API calls are being rejected due to a system failure, preventing us from serving our clients.",synthetic,CRITICAL,CRITICAL,
295,Network problem,I'm having an issue with the {product_purchased}. Please assist. I know that no one wants to buy this product. There are other products on this website that are perfect. The only one I'm sure is it fits in their This problem started occurring after the recent software update. I haven't made any other changes to the device.,kaggle,LOW,LOW,
569,Product recommendation,"I'm having an issue with the {product_purchased}. Please assist.

I know your system doesn't have the system or your CPU's working fine, if that doesn't help you I suggest you try looking at a new CPU I've already contacted customer support multiple times, but the issue remains unresolved.",kaggle,HIGH,HIGH,
739,Refund request,"I'm having an issue with the {product_purchased}. Please assist. The [page] URL for this product is priority [priority_{value}] on pages 2 and 3, and there is no [priority:id] on page This problem started occurring after the recent software update. I haven't made any other changes to the device.",kaggle,CRITICAL,CRITICAL,
47,File Uploads Disabled Due to Excessive Resource Utilization,Our agents are unable to upload files to customer accounts. This has stopped our workflow. Please resolve ASAP.,synthetic,CRITICAL,CRITICAL,
650,Software bug,"I'm having an issue with the {product_purchased}. Please assist. I'd be happy to be able to add the {product_purchased}.

In this case I made the purchase, and my bill was paid using I've performed a factory reset on my {product_purchased}, hoping it would resolve the problem, but it didn't help.",kaggle,HIGH,HIGH,
758,Refund request,"I'm having an issue with the {product_purchased}. Please assist. I'm not sure it's possible to fix this without a warranty. Thank you for understanding.


If it's the case that is my fault my friend's I'm using the original charger that came with my {product_purchased}, but it's not charging properly.",kaggle,CRITICAL,CRITICAL,
19,Minor Alignment Issue with File Upload Progress Bars,The file upload progress bars look a bit misaligned.,synthetic,LOW,LOW,
105,Broken login for users with custom domains,Login attempts are failing for users whose email addresses are registered under a custom domain. This is causing a significant disruption to our business operations. Can this be resolved ASAP?,synthetic,HIGH,HIGH,
804,Payment issue,"I'm having an issue with the {product_purchased}. Please assist.

Click here to send a copy of the product to a friend

About the Author

Ben is the founder and editor of Pocket Sized Book. I've followed online tutorials and community forums to troubleshoot the issue, but no luck so far.",kaggle,CRITICAL,CRITICAL,
117,Fonts in footer don't match the rest.,The font size in the footer is different from the rest of the app. Can you make it consistent?,synthetic-edge,LOW,LOW,
440,Network problem,My {product_purchased} is making strange noises and not functioning properly. I suspect there might be a hardware issue. Can you please help me with this? Thank you so much! <3 ------------------------- http://webdevel. I've checked the device settings and made sure that everything is configured correctly.,kaggle,MEDIUM,MEDIUM,
31,Authentication Failure on Mobile App,"Our mobile app is continuously authenticating with incorrect credentials, causing user frustration.",synthetic,CRITICAL,CRITICAL,
459,Display issue,"I'm having an issue with the {product_purchased}. Please assist. <http://www.giantalabaster.com/product/d5df3bb927e4f8acc6dc29a89 I've tried clearing the cache and data for the {product_purchased} app, but the issue persists.",kaggle,MEDIUM,MEDIUM,
805,Network problem,"I'm having an issue with the {product_purchased}. Please assist. [25/12/2014, 11:18:10 PM] Remy: And I'm not asking for money to pay for the car. [25/12 This problem started occurring after the recent software update. I haven't made any other changes to the device.",kaggle,CRITICAL,CRITICAL,
771,Peripheral compatibility,"I'm having an issue with the {product_purchased}. Please assist.

[29/12/2014, 4:01:34 AM] Kenneth Russell Wadhwani: well, I really need to take my own advice I've performed a factory reset on my {product_purchased}, hoping it would resolve the problem, but it didn't help.",kaggle,CRITICAL,CRITICAL,
514,Display issue,"I'm having an issue with the {product_purchased}. Please assist.

I am still having problems with the product. Please assist.

I still have an issue. Please assist.

I still have an issue with I've recently updated the firmware of my {product_purchased}, and the issue started happening afterward. Could it be related to the update?",kaggle,MEDIUM,MEDIUM,
577,Peripheral compatibility,"I'm having an issue with the {product_purchased}. Please assist.

My purchase was processed.

Did I am paying a delivery charge that I have not paid. Can you provide me with more information?

Pay I've checked for any available software updates for my {product_purchased}, but there are none.",kaggle,HIGH,HIGH,
225,Minor Typo in Mobile App Settings,There's a small typo in the mobile app settings menu.,synthetic,LOW,LOW,
383,Product compatibility,"I'm having an issue with the {product_purchased}. Please assist.

There are 3 people here who need an address and a PayPal address.

Hello, everyone.

It's been a while since I finished my I've noticed that the issue occurs consistently when I use a specific feature or application on my {product_purchased}.",kaggle,MEDIUM,MEDIUM,
97,Password Reset Token Expiration,What's the current expiration time for password reset tokens? Just curious,synthetic,LOW,LOW,
168,Missing User Roles in Permission Settings,Our user roles are not displayed correctly in permission settings. This affects our team's ability to manage access and permissions,synthetic,HIGH,HIGH,
52,Error on Integration with Zendesk,Our Zendesk integration is failing with an error. This affects our team's ticket management and customer support,synthetic,HIGH,HIGH,
732,Hardware issue,"I'm having an issue with the {product_purchased}. Please assist.

You will need to enable JavaScript.

$tw.ready(function() { console.log('Your purchase exceeded the {product_purchased I'm not sure if this issue is specific to my device or if others have reported similar problems.",kaggle,CRITICAL,CRITICAL,
774,Account access,"I've accidentally deleted important data from my {product_purchased}. Is there any way to recover the deleted files? I need them urgently. Please use the email address I provided for them, where applicable.

If you're not sure I'm using the original charger that came with my {product_purchased}, but it's not charging properly.",kaggle,CRITICAL,CRITICAL,
441,Cancellation request,"I've recently set up my {product_purchased}, but it fails to connect to any available networks. What steps should I take to troubleshoot this issue?

It seems the router is in a ""kill switch"", so I I've noticed that the issue occurs consistently when I use a specific feature or application on my {product_purchased}.",kaggle,MEDIUM,MEDIUM,
186,Payment Gateway Integration with PayPal Failing,"Our PayPal integration is failing silently, resulting in cancelled transactions. We're breaching SLA and need urgent assistance",synthetic,HIGH,HIGH,
564,Data loss,"I'm facing a problem with my {product_purchased}. The {product_purchased} is not turning on. It was working fine until yesterday, but now it doesn't respond. I don't like calling my {product_ I've tried clearing the cache and data for the {product_purchased} app, but the issue persists.",kaggle,HIGH,HIGH,
573,Software bug,"I'm having an issue with the {product_purchased}. Please assist.

Please give me details...

1) Select IMSC 3G from the device list, it will appear as ""M2S"" in Device I've recently updated the firmware of my {product_purchased}, and the issue started happening afterward. Could it be related to the update?",kaggle,HIGH,HIGH,
111,"Error sending notifications, urgent fix.",Our team is experiencing issues sending notifications to clients. This is impacting our business and requiring overtime.,synthetic-edge,HIGH,HIGH,
684,Product setup,"I'm having an issue with the {product_purchased}. Please assist.

I'm having an issue with the {product_purchased}. Please assist. Thanks.

Thanks. Thanks. Thanks.

Hi! I rely heavily on my {product_purchased} for my daily tasks, and this issue is hindering my productivity.",kaggle,CRITICAL,CRITICAL,
594,Installation support,"I'm having an issue with the {product_purchased}. Please assist.

[email protected]

[size=7px]

This button opens the message in a new window. You can also share in this chat I need assistance as soon as possible because it's affecting my work and productivity.",kaggle,HIGH,HIGH,
304,Delivery problem,"I'm having an issue with the {product_purchased}. Please assist. I do not own any of the assets. "" > > >

http://www.reddit.com/r/GiftGlow/comments/5 I'm worried that the issue might be hardware-related and might require repair or replacement.",kaggle,LOW,LOW,
389,Cancellation request,"I'm facing a problem with my {product_purchased}. The {product_purchased} is not turning on. It was working fine until yesterday, but now it doesn't respond. Please help: https://t.co/ I'm concerned about the security of my {product_purchased} and would like to ensure that my data is safe.",kaggle,MEDIUM,MEDIUM,
500,Installation support,"I'm having an issue with the {product_purchased}. Please assist.

Please enable JavaScript to view the comments powered by Disqus. I've recently updated the firmware of my {product_purchased}, and the issue started happening afterward. Could it be related to the update?",kaggle,MEDIUM,MEDIUM,
95,Mobile App Icon Size Looks Slightly Off,The mobile app icon looks a bit misaligned on the home screen.,synthetic,LOW,LOW,
736,Hardware issue,"I'm having trouble connecting my {product_purchased} to my home Wi-Fi network. It doesn't detect any networks, although other devices are connecting fine. What can be done to resolve this issue? A good way to get back I'm concerned about the security of my {product_purchased} and would like to ensure that my data is safe.",kaggle,CRITICAL,CRITICAL,
303,Product setup,"I'm having an issue with the {product_purchased}. Please assist. -D

My last post had the company's name on the front label. What's that? That way everyone can know exactly what to order. The idea I'm concerned about the security of my {product_purchased} and would like to ensure that my data is safe.",kaggle,LOW,LOW,
817,Account access,"I'm facing a problem with my {product_purchased}. The {product_purchased} is not turning on. It was working fine until yesterday, but now it doesn't respond. I have done everything right, and it's I've noticed that the issue occurs consistently when I use a specific feature or application on my {product_purchased}.",kaggle,CRITICAL,CRITICAL,
529,Product compatibility,"I'm having an issue with the {product_purchased}. Please assist. Please notify me if any additional issues are occurring (if not, I'll update the post). ~~~~~ # ######################################################### # The Product ID of I'm unable to find the option to perform the desired action in the {product_purchased}. Could you please guide me through the steps?",kaggle,HIGH,HIGH,
503,Network problem,"I'm having an issue with the {product_purchased}. Please assist.

[10/11/15 2:22:29 AM] John McCain:

[10/11/15 2:22:34 AM] The issue I'm facing is intermittent. Sometimes it works fine, but other times it acts up unexpectedly.",kaggle,MEDIUM,MEDIUM,
563,Battery life,"I'm having an issue with the {product_purchased}. Please assist. Thank You.


The product is the same product number we're using today.


If there are any questions, suggestions, or other issues, or would I've tried different settings and configurations on my {product_purchased}, but the issue persists.",kaggle,HIGH,HIGH,
467,Battery life,"I'm having an issue with the {product_purchased}. Please assist.

0x6d3400b4 0x6d340000 5c45

0x6d34700 1 0 6d3400 I need assistance as soon as possible because it's affecting my work and productivity.",kaggle,MEDIUM,MEDIUM,
428,Delivery problem,"I'm having an issue with the {product_purchased}. Please assist. —

Product ID: 100

Price: $28.99

Last updated: June 04, 2017

Price $29.99 I've checked the device settings and made sure that everything is configured correctly.",kaggle,MEDIUM,MEDIUM,
374,Hardware issue,"I'm having an issue with the {product_purchased}. Please assist.

Product description :

Founded in 2009, CIG is a leading manufacturer of digital marketing products and service. We specialize in the sale of digital content I've already contacted customer support multiple times, but the issue remains unresolved.",kaggle,LOW,LOW,
486,Software bug,I'm having an issue with the {product_purchased}. Please assist. I get 5-10 emails. [12:47:18 PM] <hmm900> but what is the next step? [12:47:12 This problem started occurring after the recent software update. I haven't made any other changes to the device.,kaggle,MEDIUM,MEDIUM,
134,Mobile App Push Notification Not Received,Our mobile app push notifications are not being delivered as expected. This is impacting our ability to notify users of important updates.,synthetic,MEDIUM,MEDIUM,
296,Product setup,"I'm having an issue with the {product_purchased}. Please assist.

Product

{product_purchased}

{product_num_purchases} _

{product_id}{Id} I rely heavily on my {product_purchased} for my daily tasks, and this issue is hindering my productivity.",kaggle,LOW,LOW,
220,Inconsistent Session Timeout,"The session timeout is inconsistent across different login sessions, resulting in unexpected logouts. We need this fixed to prevent this issue.",synthetic,MEDIUM,LOW,
268,Refund request,"I'm having an issue with the {product_purchased}. Please assist.

5. I'm having an issue with the product_purchased}. Please assist.

6. I have an issue with the {product_ I've checked for software updates, and my {product_purchased} is already running the latest version.",kaggle,LOW,LOW,
581,Battery life,"I'm having an issue with the {product_purchased}. Please assist.

There are no restrictions on the number of customers that may subscribe.

It's possible you may not be able to receive all of your orders prior to The issue I'm facing is intermittent. Sometimes it works fine, but other times it acts up unexpectedly.",kaggle,HIGH,HIGH,
719,Account access,"I'm having an issue with the {product_purchased}. Please assist. If you do not know what this is, the email address will be automatically added to your invoice.

If that was not enough, this will create an extra I've already contacted customer support multiple times, but the issue remains unresolved.",kaggle,CRITICAL,CRITICAL,
811,Battery life,"I've recently set up my {product_purchased}, but it fails to connect to any available networks. What steps should I take to troubleshoot this issue?

How to set up your network

Note for those who live I've performed a factory reset on my {product_purchased}, hoping it would resolve the problem, but it didn't help.",kaggle,CRITICAL,CRITICAL,
763,Delivery problem,"There seems to be a hardware problem with my {product_purchased}. The screen is flickering, and I'm unable to use it. What should I do?I will start a repair. What should I do with it? I've performed a factory reset on my {product_purchased}, hoping it would resolve the problem, but it didn't help.",kaggle,CRITICAL,CRITICAL,
700,Battery life,"I'm having an issue with the {product_purchased}. Please assist.

3. A product in stock is being sold as part of a contract, and the price has not changed. We are sorry for this, please contact us I've recently updated the firmware of my {product_purchased}, and the issue started happening afterward. Could it be related to the update?",kaggle,CRITICAL,CRITICAL,
250,Network problem,"I'm having an issue with the {product_purchased}. Please assist.

• There is a bug with the {product_page}. Please assist.

• There are several other issues and problems I've recently updated the firmware of my {product_purchased}, and the issue started happening afterward. Could it be related to the update?",kaggle,LOW,LOW,
284,Hardware issue,"I've encountered a data loss issue with my {product_purchased}. All the files and documents seem to have disappeared. Can you guide me on how to retrieve them? Thank you for your help.

Note: you'll get 3 I'm concerned about the security of my {product_purchased} and would like to ensure that my data is safe.",kaggle,LOW,LOW,
138,Analytics Dashboard Filter,It'd be awesome if the analytics dashboard had filters for date ranges,synthetic,LOW,LOW,
429,Data loss,I've encountered a data loss issue with my {product_purchased}. All the files and documents seem to have disappeared. Can you guide me on how to retrieve them? I've noticed a peculiar error message popping up on my {product_purchased} screen. It says '{error_message}'. What does it mean?,kaggle,MEDIUM,MEDIUM,
391,Data loss,"I'm having an issue with the {product_purchased}. Please assist. I'm sorry. Sorry for the inconvenience. Please assist.


Forums: 50


Location: U.S.A.

Status: Offline I've noticed a sudden decrease in battery life on my {product_purchased}. It used to last much longer.",kaggle,MEDIUM,MEDIUM,
533,Display issue,"I'm having an issue with the {product_purchased}. Please assist. (Please note if you buy the only product in your order, you will not experience this issue).

We have a system where you can pick the product that I've followed the troubleshooting steps mentioned in the user manual, but the issue persists.",kaggle,HIGH,HIGH,
331,Software bug,"I'm having an issue with the {product_purchased}. Please assist.

• This is an issue with {product_purchased}. Please assist.

• This is an issue with {product_purchased}. I rely heavily on my {product_purchased} for my daily tasks, and this issue is hindering my productivity.",kaggle,LOW,LOW,
231,Cancellation request,"I'm having an issue with the {product_purchased}. Please assist.

[28] https://www.wizards.com/en-US/Product/World/The-Oblivion.pau/Product I've followed the troubleshooting steps mentioned in the user manual, but the issue persists.",kaggle,LOW,LOW,
679,Software bug,"I'm having an issue with the {product_purchased}. Please assist.

2.4.1.1 As of the 3-5 minutes after receiving your shipment from the shipping company, a confirmation email from the company. It I've noticed that the issue occurs consistently when I use a specific feature or application on my {product_purchased}.",kaggle,CRITICAL,CRITICAL,
718,Product setup,"I'm having an issue with the {product_purchased}. Please assist. {{product_purchased}}

{""user"":{""product_name"": ""Savage Stave"",""name"":""Savage Stave - Red Velvet Red Velvet I've already contacted customer support multiple times, but the issue remains unresolved.",kaggle,CRITICAL,CRITICAL,
169,Audit Logging Missing Critical Events,Our audit log is missing critical events that have occurred in the system. This makes it impossible to track security incidents,synthetic,HIGH,CRITICAL,
163,Can't see the top of the login form.,"I was trying to log in, but the login form gets cut off at the top of the screen. Can you make it scrollable?",synthetic-edge,LOW,LOW,
825,Refund request,"I'm having an issue with the {product_purchased}. Please assist.

I have a problem updating the {product_purchased}"" attribute to the product_purchased. This may appear to me to improve performance. The issue I'm facing is intermittent. Sometimes it works fine, but other times it acts up unexpectedly.",kaggle,CRITICAL,CRITICAL,
324,Hardware issue,"I'm having an issue with the {product_purchased}. Please assist.

2) Your product will be reviewed for safety prior to shipment. If there is an issue with your product, please include some information of the product of sale I've noticed a peculiar error message popping up on my {product_purchased} screen. It says '{error_message}'. What does it mean?",kaggle,LOW,LOW,
110,REST API Error Handling Could Be Improved,"When an error occurs with the REST API, the error message could be more informative.",synthetic,LOW,LOW,
537,Hardware issue,"I'm having trouble connecting my {product_purchased} to my home Wi-Fi network. It doesn't detect any networks, although other devices are connecting fine. What can be done to resolve this issue? 1) Remove the ""connect I've checked for software updates, and my {product_purchased} is already running the latest version.",kaggle,HIGH,HIGH,
235,Product compatibility,"I've accidentally deleted important data from my {product_purchased}. Is there any way to recover the deleted files? I need them urgently.


I've accidentally deleted important data from my {product_purchased}. Is there any I've performed a factory reset on my {product_purchased}, hoping it would resolve the problem, but it didn't help.",kaggle,LOW,LOW,
318,Hardware issue,"I'm having an issue with the {product_purchased}. Please assist.


How do you get a new bottle?


When you register the bottle and take the check into your account, your name and the company logo will appear I've checked for software updates, and my {product_purchased} is already running the latest version.",kaggle,LOW,LOW,
283,Software bug,"I'm having an issue with the {product_purchased}. Please assist.

$737 $1.48 Buy it!

Product Name Description Product ID (DETAILED) Please let me know how things worked out I've performed a factory reset on my {product_purchased}, hoping it would resolve the problem, but it didn't help.",kaggle,LOW,LOW,
24,Payment Checkout Button Not Disabled,The payment checkout button is still active even though the user has an active subscription. This should be disabled to prevent accidental payments.,synthetic,MEDIUM,MEDIUM,
810,Product recommendation,"My {product_purchased} crashed, and I lost all the data stored on it. Is there any way to recover the lost data? What do you do about it? I tried restoring data from my account, and it hasn't been This problem started occurring after the recent software update. I haven't made any other changes to the device.",kaggle,CRITICAL,CRITICAL,
1,Unrecoverable Session Data Loss,A loss of session data has left clients unable to access user dashboards.,synthetic,CRITICAL,CRITICAL,
133,Unpersisted Two-Factor Authentication,"After enabling two-factor authentication on my account, it's disabled the next time I log in. Please resolve this as soon as possible.",synthetic,MEDIUM,CRITICAL,
702,Network problem,"I'm facing issues logging into my {product_purchased} account. It says my account is locked. What should I do to unlock it? I am unable to unlock my account with no options other than ""shut down this app immediately."" I've noticed a peculiar error message popping up on my {product_purchased} screen. It says '{error_message}'. What does it mean?",kaggle,CRITICAL,CRITICAL,
336,Peripheral compatibility,"I'm having an issue with the {product_purchased}. Please assist.

You have not opted-in to receive emails from JobBridge.

You have not opted-in to receive emails from JobBridge. I'm unable to find the option to perform the desired action in the {product_purchased}. Could you please guide me through the steps?",kaggle,LOW,LOW,
285,Cancellation request,"I'm having an issue with the {product_purchased}. Please assist. — I believe this means that I have not found my phone. My previous order of $10 left them with less than $3. I know they didn't want I've tried clearing the cache and data for the {product_purchased} app, but the issue persists.",kaggle,LOW,LOW,
191,Session Management Failure Causing System Crash Loop,"Our session management is malfunctioning, causing our application to crash loop. Please resolve ASAP.",synthetic,CRITICAL,CRITICAL,
818,Product recommendation,"I'm having an issue with the {product_purchased}. Please assist. — Ryan A. (@RyanBryan) April 27, 2014

The man who was arrested by officers in the area who also tried to detain him has since I've checked for software updates, and my {product_purchased} is already running the latest version.",kaggle,CRITICAL,CRITICAL,
546,Product setup,"I'm encountering a software bug in the {product_purchased}. Whenever I try to perform a specific action, the application crashes. Are there any updates or fixes available? The first release of {product} was written to a single release candidate I'm not sure if this issue is specific to my device or if others have reported similar problems.",kaggle,HIGH,HIGH,
729,Hardware issue,"I'm having an issue with the {product_purchased}. Please assist.

I tried to install an installed Java EE, and it just didn't work.

I tried installing an APK, and it just installed Java EE I've checked for software updates, and my {product_purchased} is already running the latest version.",kaggle,CRITICAL,CRITICAL,
724,Delivery problem,"My {product_purchased} is making strange noises and not functioning properly. I suspect there might be a hardware issue. Can you please help me with this?

I need an example of how to play games without pressing the 'M This problem started occurring after the recent software update. I haven't made any other changes to the device.",kaggle,CRITICAL,CRITICAL,
325,Account access,"I'm encountering a software bug in the {product_purchased}. Whenever I try to perform a specific action, the application crashes. Are there any updates or fixes available?

Most recent version is 1.2.0. I've checked for software updates, and my {product_purchased} is already running the latest version.",kaggle,LOW,LOW,
657,Product compatibility,"There seems to be a glitch in the {product_purchased} software. It freezes frequently, making it difficult to use. Can you please provide a solution?

Thank you.

Thank you, for offering this issue a place I've checked for software updates, and my {product_purchased} is already running the latest version.",kaggle,HIGH,HIGH,
150,Notification emails are being sent to incorrect email addresses,"Our notification emails are being sent to incorrect email addresses, which is causing confusion among our users. Please help us resolve this issue ASAP.",synthetic,HIGH,CRITICAL,
275,Delivery problem,"I've accidentally deleted important data from my {product_purchased}. Is there any way to recover the deleted files? I need them urgently. — Andrew (@harrym_r) April 28, 2016

You're being irresponsible if I've noticed a peculiar error message popping up on my {product_purchased} screen. It says '{error_message}'. What does it mean?",kaggle,LOW,LOW,
790,Display issue,"I'm having an issue with the {product_purchased}. Please assist. A $100 voucher is an instant sale so I'm not getting it for a fee.

I've always been asked to purchase a bottle of wine I like The issue I'm facing is intermittent. Sometimes it works fine, but other times it acts up unexpectedly.",kaggle,CRITICAL,CRITICAL,
614,Battery life,"I'm having an issue with the {product_purchased}. Please assist.


I'm using my account to view the following:


- 1:1.0.3: No activity (log in to this profile to check The issue I'm facing is intermittent. Sometimes it works fine, but other times it acts up unexpectedly.",kaggle,HIGH,HIGH,
489,Display issue,"I'm having an issue with the {product_purchased}. Please assist. - ""products"":[17,18,20,19,23,24,25,26,27,28,29,30,31],""manufacturer_ I'm using the original charger that came with my {product_purchased}, but it's not charging properly.",kaggle,MEDIUM,MEDIUM,
321,Cancellation request,"I'm having an issue with the {product_purchased}. Please assist.

5.7.1 Bug Fixes


5.7.2 Bug Fixes


BUG FIXED:

Dictionary now accepts data (s I've recently updated the firmware of my {product_purchased}, and the issue started happening afterward. Could it be related to the update?",kaggle,LOW,LOW,
365,Battery life,"I'm having an issue with the {product_purchased}. Please assist. I've tried different settings and configurations on my {product_purchased}, but the issue persists.",kaggle,LOW,LOW,
585,Software bug,"I'm having an issue with the {product_purchased}. Please assist. Sorry!

If you're purchasing something, use the link to redeem your purchase

if it's not already available. Click here to redeem the purchase I've noticed that the issue occurs consistently when I use a specific feature or application on my {product_purchased}.",kaggle,HIGH,HIGH,
207,Suggestion for Invoice PDF Footer Design,I think it'd be great if the footer on invoices had our company's address in it. Just a thought when convenient.,synthetic,LOW,LOW,
540,Refund request,"I'm having an issue with the {product_purchased}. Please assist.

You have requested one or more images for which we do not own a copyright.

For permission to use one of the images for commercial purposes, please I've already contacted customer support multiple times, but the issue remains unresolved.",kaggle,HIGH,HIGH,
532,Product setup,I've noticed a software bug in the {product_purchased} app. It's causing data loss and unexpected errors. How can I resolve this issue? Go to any {product_purchased} app or {product_updated} I'm worried that the issue might be hardware-related and might require repair or replacement.,kaggle,HIGH,HIGH,
754,Refund request,"I'm having an issue with the {product_purchased}. Please assist. #t/I'm having an issue with the {product_purchased}. Please assist. #t/I really need to see this on the next order The issue I'm facing is intermittent. Sometimes it works fine, but other times it acts up unexpectedly.",kaggle,CRITICAL,CRITICAL,
619,Installation support,"I'm having an issue with the {product_purchased}. Please assist. Thanks."" I've tried clearing the cache and data for the {product_purchased} app, but the issue persists.",kaggle,HIGH,HIGH,
416,Network problem,"I'm having an issue with the {product_purchased}. Please assist.

# -*- coding: utf-8 -*-

## To enable the ""Frozen"". The default is not supported. I've noticed that the issue occurs consistently when I use a specific feature or application on my {product_purchased}.",kaggle,MEDIUM,MEDIUM,
315,Battery life,"I'm having an issue with the {product_purchased}. Please assist.


The problem is, it appears my keyboard needs some work. On Windows it needs to be running for at least 3x as many tasks, to actually see I've recently updated the firmware of my {product_purchased}, and the issue started happening afterward. Could it be related to the update?",kaggle,LOW,LOW,
601,Software bug,"I'm having an issue with the {product_purchased}. Please assist.

Please explain to me why I can't purchase more of those. Thanks.

Please help me.

How do I get those? The issue I'm facing is intermittent. Sometimes it works fine, but other times it acts up unexpectedly.",kaggle,HIGH,HIGH,
354,Refund request,"I'm having an issue with the {product_purchased}. Please assist.

If you have questions go to: http://p.google.com/p/android-data-provider/

Once you have found anything I've tried different settings and configurations on my {product_purchased}, but the issue persists.",kaggle,LOW,LOW,
357,Data loss,"My {product_purchased} is making strange noises and not functioning properly. I suspect there might be a hardware issue. Can you please help me with this? Also, how come a device without any USB ports is able to get on a I'm using the original charger that came with my {product_purchased}, but it's not charging properly.",kaggle,LOW,LOW,
480,Delivery problem,I'm having an issue with the {product_purchased}. Please assist. Thank you in everything. :) I've noticed that the issue occurs consistently when I use a specific feature or application on my {product_purchased}.,kaggle,MEDIUM,MEDIUM,
68,Database Backups Not Running,"Backup jobs aren't running as scheduled, putting our data at risk of permanent loss during the next disaster.",synthetic,CRITICAL,CRITICAL,
396,Cancellation request,"I'm having an issue with the {product_purchased}. Please assist. {product_purchased}. See full product details.

You may still find use in products that do not cover a warranty on these items without the full The issue I'm facing is intermittent. Sometimes it works fine, but other times it acts up unexpectedly.",kaggle,MEDIUM,MEDIUM,
418,Software bug,"I've recently set up my {product_purchased}, but it fails to connect to any available networks. What steps should I take to troubleshoot this issue? I've already contacted customer support multiple times, but the issue remains unresolved.",kaggle,MEDIUM,MEDIUM,
638,Battery life,"The {product_purchased} is unable to establish a stable internet connection. It keeps disconnecting intermittently. How can I troubleshoot this network problem? Connect to the web address:

ipstat -x 9.8. I've followed online tutorials and community forums to troubleshoot the issue, but no luck so far.",kaggle,HIGH,HIGH,
308,Payment issue,"I'm having an issue with the {product_purchased}. Please assist.

0:30 - This article was last update at 10:17 pm 08/11/07 I've performed a factory reset on my {product_purchased}, hoping it would resolve the problem, but it didn't help.",kaggle,LOW,LOW,
242,Hardware issue,"I'm having an issue with the {product_purchased}. Please assist. Your product is not a refund if you are not the purchaser and/or you are unable to complete your purchase due to fraud or fraudulty.

We I've noticed that the issue occurs consistently when I use a specific feature or application on my {product_purchased}.",kaggle,LOW,LOW,
826,Account access,"I'm having an issue with the {product_purchased}. Please assist.


Coupon applied - click here to apply

Your coupon has been applied.

Please continue to read and follow our Terms of Sale to learn I've checked for software updates, and my {product_purchased} is already running the latest version.",kaggle,CRITICAL,CRITICAL,
701,Network problem,"I'm having an issue with the {product_purchased}. Please assist.

I have another package which contains a.jsp file in my ""user.json"" folder, and the code. It does nothing.

"" I need assistance as soon as possible because it's affecting my work and productivity.",kaggle,CRITICAL,CRITICAL,
182,Minor UI Issue with Keyboard Navigation,"The keyboard navigation in the system is not working correctly, which is making it hard to interact with the interface. Please fix this issue.",synthetic,MEDIUM,MEDIUM,
22,API Rate Limiting Failure Exposing User Account Information,"Our API has been abused, exposing sensitive user data. We need this fixed today to prevent a security breach.",synthetic,CRITICAL,CRITICAL,
633,Data loss,I'm having an issue with the {product_purchased}. Please assist. It has been a long time coming so it is really painful. If admittedly an issue I'd better get out there and get this up and running. I've checked the device settings and made sure that everything is configured correctly.,kaggle,HIGH,HIGH,
583,Delivery problem,"I've recently set up my {product_purchased}, but it fails to connect to any available networks. What steps should I take to troubleshoot this issue? *

If you are a merchant or member of a trading platform which I've noticed that the issue occurs consistently when I use a specific feature or application on my {product_purchased}.",kaggle,HIGH,HIGH,
183,Session Management Issue with IP Address Blocking,"Our IP address blocking feature is having trouble persisting, resulting in unexpected logins from blocked IP addresses. Please fix soon.",synthetic,MEDIUM,MEDIUM,
814,Hardware issue,"I'm having an issue with the {product_purchased}. Please assist.

C: I've noticed that the issue occurs consistently when I use a specific feature or application on my {product_purchased}.",kaggle,CRITICAL,CRITICAL,
788,Network problem,"I'm having an issue with the {product_purchased}. Please assist.

Product Name: ""Vacation""

Color: Blue

Color Code: R

Quantity: $250 / 30 Pairs The issue I'm facing is intermittent. Sometimes it works fine, but other times it acts up unexpectedly.",kaggle,CRITICAL,CRITICAL,
617,Product compatibility,"I'm having trouble connecting my {product_purchased} to my home Wi-Fi network. It doesn't detect any networks, although other devices are connecting fine. What can be done to resolve this issue?

I've tried everything I've reviewed the troubleshooting steps on the official support website, but they didn't resolve the problem.",kaggle,HIGH,HIGH,
483,Hardware issue,"I'm encountering a software bug in the {product_purchased}. Whenever I try to perform a specific action, the application crashes. Are there any updates or fixes available? I receive a number of issues. How do I get help? I've tried clearing the cache and data for the {product_purchased} app, but the issue persists.",kaggle,MEDIUM,MEDIUM,
136,Data Import Process Taking Too Long,"The data import process is taking too long, which is causing delays in our workflow. Can you optimize the import process?",synthetic,MEDIUM,MEDIUM,
351,Product recommendation,"I'm having an issue with the {product_purchased}. Please assist.

The following fields are used as the ""customer"":

customer-name ProductName This field is used to identify which product you are using, I need assistance as soon as possible because it's affecting my work and productivity.",kaggle,LOW,LOW,
458,Hardware issue,"I've noticed a software bug in the {product_purchased} app. It's causing data loss and unexpected errors. How can I resolve this issue?

1) Use https://github.com/Watson/QT, I've performed a factory reset on my {product_purchased}, hoping it would resolve the problem, but it didn't help.",kaggle,MEDIUM,MEDIUM,
504,Network problem,"I'm facing a problem with my {product_purchased}. The {product_purchased} is not turning on. It was working fine until yesterday, but now it doesn't respond.

The best is to ask my team I'm not sure if this issue is specific to my device or if others have reported similar problems.",kaggle,MEDIUM,MEDIUM,
798,Hardware issue,"I'm having an issue with the {product_purchased}. Please assist.

Thank you for visiting my website. Please look at my shop page. I offer my products to all members in all parts of the USA and to every member I rely heavily on my {product_purchased} for my daily tasks, and this issue is hindering my productivity.",kaggle,CRITICAL,CRITICAL,
14,"REST API is returning incorrect payment data, affecting our app","Our app is fetching incorrect payment data from the API, resulting in incorrect functionality. We need your help to resolve this ASAP.",synthetic,HIGH,CRITICAL,
143,Export Button Not Working on Certain Pages,"When I click the export button, it doesn't work on some pages but does on others. Have you guys noticed this issue? It's disrupting our reporting process.",synthetic,MEDIUM,MEDIUM,
674,Display issue,"I'm having an issue with the {product_purchased}. Please assist. Please assist. - Support - Website - Contact Us

SCHN: 7097 - Website - Contact Us

PREDICTION

You I've already contacted customer support multiple times, but the issue remains unresolved.",kaggle,HIGH,HIGH,
726,Battery life,"The {product_purchased} is unable to establish a stable internet connection. It keeps disconnecting intermittently. How can I troubleshoot this network problem? I've recently updated the firmware of my {product_purchased}, and the issue started happening afterward. Could it be related to the update?",kaggle,CRITICAL,CRITICAL,
232,Display issue,"I'm having an issue with the {product_purchased}. Please assist.

A little while ago, I had to send an email to Microsoft. I emailed them and said I'll send an email to the product group when the customer I've noticed a peculiar error message popping up on my {product_purchased} screen. It says '{error_message}'. What does it mean?",kaggle,LOW,LOW,
575,Payment issue,"The {product_purchased} is unable to establish a stable internet connection. It keeps disconnecting intermittently. How can I troubleshoot this network problem?

$ sudo dd if=/dev/zero of=msr-1 I'm using the original charger that came with my {product_purchased}, but it's not charging properly.",kaggle,HIGH,HIGH,
578,Product recommendation,"I'm having an issue with the {product_purchased}. Please assist.

{product_purchased-product}

{product_purchased-product}

{product_purchased-product} I've tried different settings and configurations on my {product_purchased}, but the issue persists.",kaggle,HIGH,HIGH,
496,Product recommendation,"I'm having an issue with the {product_purchased}. Please assist. Thank you.""

The user had no idea that she was getting charged again to send that coupon and that her account was being charged with a $50 ""f I'm concerned about the security of my {product_purchased} and would like to ensure that my data is safe.",kaggle,MEDIUM,MEDIUM,
816,Installation support,"I'm having an issue with the {product_purchased}. Please assist.


1. Go to Product Hunt.

2. Go to the site's store page and click on ""Buy now"" to access the website's items I've tried using different cables, adapters, or peripherals with my {product_purchased}, but the issue persists.",kaggle,CRITICAL,CRITICAL,
498,Product recommendation,"I'm having an issue with the {product_purchased}. Please assist. Please read the FAQ on the product page. All images are copyright protected. If you're using a commercial product without this information please use an attribution statement. I rely heavily on my {product_purchased} for my daily tasks, and this issue is hindering my productivity.",kaggle,MEDIUM,MEDIUM,
368,Payment issue,I've accidentally deleted important data from my {product_purchased}. Is there any way to recover the deleted files? I need them urgently. Can someone please help. My name is John and I am currently not sure where to start. I've noticed a peculiar error message popping up on my {product_purchased} screen. It says '{error_message}'. What does it mean?,kaggle,LOW,LOW,
400,Peripheral compatibility,"I'm having an issue with the {product_purchased}. Please assist. I'll be happy to help you with this. The {product_purchased} will be forwarded to

the customer's system service number. The issue I'm facing is intermittent. Sometimes it works fine, but other times it acts up unexpectedly.",kaggle,MEDIUM,MEDIUM,
767,Delivery problem,"I've forgotten my password for my {product_purchased} account, and the password reset option is not working. How can I recover my account?

Log in to your account. You can log in using your browser's ""Login I'm worried that the issue might be hardware-related and might require repair or replacement.",kaggle,CRITICAL,CRITICAL,
26,Unreliable Export Functionality,"Our export of user data is inconsistent, resulting in missing rows or incorrect field values. This requires us to manually recreate the reports.",synthetic,MEDIUM,MEDIUM,
417,Battery life,"I'm having an issue with the {product_purchased}. Please assist.

Please assist. In order to avoid a delay in your order, please check for items ordered from other fulfillment companies for you before completing your order. Please see I've performed a factory reset on my {product_purchased}, hoping it would resolve the problem, but it didn't help.",kaggle,MEDIUM,MEDIUM,
114,Feature Request: Customizable Subscription Plans,It'd be super helpful if we could create custom subscription plans for our users. When that's a thing I'd love to set it up!,synthetic,LOW,LOW,
446,Account access,"I'm having an issue with the {product_purchased}. Please assist.

Please make sure that all orders are received within 8 weeks of your order.

If this happens to you, please email me. If I don't I need assistance as soon as possible because it's affecting my work and productivity.",kaggle,MEDIUM,MEDIUM,
554,Display issue,"I'm having an issue with the {product_purchased}. Please assist.

I was going to make a $20 invoice that included a product ELVIPMENT (you can buy anything by email).

$20 was still I've tried different settings and configurations on my {product_purchased}, but the issue persists.",kaggle,HIGH,HIGH,
367,Product setup,"I'm encountering a software bug in the {product_purchased}. Whenever I try to perform a specific action, the application crashes. Are there any updates or fixes available? Any changes made to the current UI such as changing fonts, changing the I'm concerned about the security of my {product_purchased} and would like to ensure that my data is safe.",kaggle,LOW,LOW,
27,Analytics Dashboard Drill-Down Issue,"When drilling down into the analytics dashboard reports, the resulting data is incorrect or missing. This requires us to manually recreate the reports.",synthetic,MEDIUM,MEDIUM,
96,API Request Timeout Issue,"We're experiencing API request timeout issues, which is causing our integrations to break. Can you increase the API request timeout threshold?",synthetic,MEDIUM,MEDIUM,
683,Cancellation request,"I'm having an issue with the {product_purchased}. Please assist.

You have successfully purchased this item, it does not fulfill your requirements, must first be paid to the following address:

The store that this order was I rely heavily on my {product_purchased} for my daily tasks, and this issue is hindering my productivity.",kaggle,CRITICAL,CRITICAL,
359,Payment issue,"I'm having an issue with the {product_purchased}. Please assist. Thank you - I'm getting into an issue with the product_purchased (and i was not authorized to use it for the rest of the day and all I've followed online tutorials and community forums to troubleshoot the issue, but no luck so far.",kaggle,LOW,LOW,
437,Data loss,"I'm encountering a software bug in the {product_purchased}. Whenever I try to perform a specific action, the application crashes. Are there any updates or fixes available? Thanks!

The last post in a series of notes, a I've followed online tutorials and community forums to troubleshoot the issue, but no luck so far.",kaggle,MEDIUM,MEDIUM,
773,Display issue,"I'm having an issue with the {product_purchased}. Please assist.

This device may not be in our stock. Please update your account as soon as possible!

We'll be happy to offer a replacement for your product I've noticed a sudden decrease in battery life on my {product_purchased}. It used to last much longer.",kaggle,CRITICAL,CRITICAL,
109,Webhook Delivery Notification Settings Confusing,"When configuring webhook delivery settings, the 'Notification' dropdown could be clearer. Just a thought, no rush.",synthetic,LOW,LOW,
454,Product compatibility,"I'm having an issue with the {product_purchased}. Please assist.

There are no ""favors"".

The {product_purchased] will still be applied (but can you see the item without "" I've performed a factory reset on my {product_purchased}, hoping it would resolve the problem, but it didn't help.",kaggle,MEDIUM,MEDIUM,
455,Installation support,"There seems to be a glitch in the {product_purchased} software. It freezes frequently, making it difficult to use. Can you please provide a solution? I've noticed a peculiar error message popping up on my {product_purchased} screen. It says '{error_message}'. What does it mean?",kaggle,MEDIUM,MEDIUM,
352,Payment issue,"I'm encountering a software bug in the {product_purchased}. Whenever I try to perform a specific action, the application crashes. Are there any updates or fixes available?

Many bug fixes can be found in the.NET core project I've checked for any available software updates for my {product_purchased}, but there are none.",kaggle,LOW,LOW,
401,Cancellation request,"There seems to be a glitch in the {product_purchased} software. It freezes frequently, making it difficult to use. Can you please provide a solution? Thank you, The Microsoft Solution to Uncrack Borrowing & Fraud I'm using the original charger that came with my {product_purchased}, but it's not charging properly.",kaggle,MEDIUM,MEDIUM,
184,Database Backup Schedule Could Be More Flexible,"The database backup schedule could support more frequency options, like quarterly or bi-annually.",synthetic,LOW,LOW,
631,Product recommendation,"I'm having an issue with the {product_purchased}. Please assist.

For me, the most important thing is being aware of the product you're selling with confidence, and to have a feeling.

Sometimes, the product I'm not sure if this issue is specific to my device or if others have reported similar problems.",kaggle,HIGH,HIGH,
189,Critical Bug Preventing Customers from Accessing Their Accounts,Our latest release introduced a critical bug that prevents customers from accessing their accounts. Please resolve ASAP.,synthetic,CRITICAL,CRITICAL,
181,Incorrect User Information Displayed,"The user information displayed in the system is not correct, and it's causing confusion. Can you correct the user information?",synthetic,MEDIUM,MEDIUM,
197,Error on Calendar Integration with Google,Our Google calendar integration is failing with an error. This affects our team's scheduling and meeting management,synthetic,HIGH,HIGH,
292,Software bug,"I've noticed a software bug in the {product_purchased} app. It's causing data loss and unexpected errors. How can I resolve this issue?

If you're at CES, don't let any of this scare you too I've already contacted customer support multiple times, but the issue remains unresolved.",kaggle,LOW,LOW,
345,Refund request,"I'm facing issues logging into my {product_purchased} account. It says my account is locked. What should I do to unlock it? I never get my phone back. Why does that mean I need an unlock code? The key I've reviewed the troubleshooting steps on the official support website, but they didn't resolve the problem.",kaggle,LOW,LOW,
697,Battery life,"My {product_purchased} crashed, and I lost all the data stored on it. Is there any way to recover the lost data? Thanks.

0 0 0 Not yet

0 0 0 It's a new project, I've performed a factory reset on my {product_purchased}, hoping it would resolve the problem, but it didn't help.",kaggle,CRITICAL,CRITICAL,
463,Product recommendation,"I'm having an issue with the {product_purchased}. Please assist.

I've had this issue for a while.


If I do not receive the invoice, it says that there is money left in the account and the I've tried using different cables, adapters, or peripherals with my {product_purchased}, but the issue persists.",kaggle,MEDIUM,MEDIUM,
582,Cancellation request,"I'm having an issue with the {product_purchased}. Please assist. I've followed the troubleshooting steps mentioned in the user manual, but the issue persists.",kaggle,HIGH,HIGH,
319,Delivery problem,"I'm having an issue with the {product_purchased}. Please assist.

We're sorry, currently this live video stream is only available inside of Utah or an approved RSL broadcast territory. We base your location on your IP address I need assistance as soon as possible because it's affecting my work and productivity.",kaggle,LOW,LOW,
645,Installation support,"I'm having an issue with the {product_purchased}. Please assist.

<!-- Product name --> </product_name>

{} @Override

public class ProductUpgrade {

final Product p ; I've already contacted customer support multiple times, but the issue remains unresolved.",kaggle,HIGH,HIGH,
213,Invalidated Session Tokens,"Our session tokens are being invalidated prematurely, resulting in frequent logouts. Urgent assistance required",synthetic,HIGH,HIGH,
46,You just broke my favorite feature!!!,I really liked being able to sort by date. Can you please bring it back?,synthetic-edge,LOW,LOW,
605,Battery life,"I'm encountering a software bug in the {product_purchased}. Whenever I try to perform a specific action, the application crashes. Are there any updates or fixes available? What bugs do you find that will not affect the code that you're I've recently updated the firmware of my {product_purchased}, and the issue started happening afterward. Could it be related to the update?",kaggle,HIGH,HIGH,
388,Hardware issue,"I'm having an issue with the {product_purchased}. Please assist.

4.3.0 * Added a list of your favorite features

4.2.2 * Added an option to change the font size I've checked the device settings and made sure that everything is configured correctly.",kaggle,MEDIUM,MEDIUM,
477,Software bug,"I'm encountering a software bug in the {product_purchased}. Whenever I try to perform a specific action, the application crashes. Are there any updates or fixes available?

A. As a matter of fact, no. I've recently updated the firmware of my {product_purchased}, and the issue started happening afterward. Could it be related to the update?",kaggle,MEDIUM,MEDIUM,
334,Product setup,"I'm having an issue with the {product_purchased}. Please assist. } "" );

And here's the final code for each of those two things.

public final InputPaste ( InputHash input ) { this. This problem started occurring after the recent software update. I haven't made any other changes to the device.",kaggle,LOW,LOW,
179,"Core feature broken, immediate attention.",Our team is unable to complete tasks due to the broken feature. This is impacting our business operations.,synthetic-edge,HIGH,HIGH,
688,Network problem,"I'm having an issue with the {product_purchased}. Please assist. I have this issue that I don't hear from the shop, but I did have it shipped last night. If anyone has any issues with it please call my support I've noticed a peculiar error message popping up on my {product_purchased} screen. It says '{error_message}'. What does it mean?",kaggle,CRITICAL,CRITICAL,
55,Feature Request: Customizable Email Notification Templates,Would love the option to customize email notification templates to better fit our brand.,synthetic,LOW,LOW,
406,Refund request,"I'm having an issue with the {product_purchased}. Please assist. — Google Play Store (@googleplay) October 22, 2016

If only I was this pissed? — John H. (@KirkWatson) October 22 I've checked for software updates, and my {product_purchased} is already running the latest version.",kaggle,MEDIUM,MEDIUM,
616,Product setup,"I'm unable to access my {product_purchased} account. It keeps displaying an 'Invalid Credentials' error, even though I'm using the correct login information. How can I regain access to my account?

To resolve I've already contacted customer support multiple times, but the issue remains unresolved.",kaggle,HIGH,HIGH,
180,Data Exposed via Publicly Accessible REST API,"Our API was left unsecured, exposing sensitive customer data to the public. We need immediate assistance.",synthetic,CRITICAL,CRITICAL,
586,Installation support,"I'm encountering a software bug in the {product_purchased}. Whenever I try to perform a specific action, the application crashes. Are there any updates or fixes available?

As for the software bug, I've been running the application I've followed online tutorials and community forums to troubleshoot the issue, but no luck so far.",kaggle,HIGH,HIGH,
269,Hardware issue,"I'm having an issue with the {product_purchased}. Please assist........................................

This list might not be the most popular one!

Product Price - $0.10

Product Status - 10 I'm unable to find the option to perform the desired action in the {product_purchased}. Could you please guide me through the steps?",kaggle,LOW,LOW,
327,Cancellation request,"I'm having an issue with the {product_purchased}. Please assist.

I am receiving this to test for my new product which has been ordered to me today. I've never had this problem, and had to replace my old I've tried using different cables, adapters, or peripherals with my {product_purchased}, but the issue persists.",kaggle,LOW,LOW,
45,Minor UI Issue with Analytics Dashboard,"The pie charts on the analytics dashboard are a bit too small. Not a major issue, but thought I'd mention it.",synthetic,LOW,LOW,
104,Security Alert: Suspicious API Activity,"Our security monitoring detected an unusual spike in API activity, requiring immediate investigation.",synthetic,CRITICAL,CRITICAL,
369,Display issue,"I'm having an issue with the {product_purchased}. Please assist. And I will refund your purchase."" On June 15 I received my order and I am now seeing the status from eBay. We must continue to follow the process outlined in I've already contacted customer support multiple times, but the issue remains unresolved.",kaggle,LOW,LOW,
302,Hardware issue,"I'm having an issue with the {product_purchased}. Please assist.

In this case, I'm not finding the same type of problem with the product-purchased. Therefore, just call us for help when you can I've tried using different cables, adapters, or peripherals with my {product_purchased}, but the issue persists.",kaggle,LOW,LOW,
572,Installation support,"I've encountered a data loss issue with my {product_purchased}. All the files and documents seem to have disappeared. Can you guide me on how to retrieve them? Thanks for your time. Thanks for your help, I'll be checking I've reviewed the troubleshooting steps on the official support website, but they didn't resolve the problem.",kaggle,HIGH,HIGH,
632,Product compatibility,"My {product_purchased} is making strange noises and not functioning properly. I suspect there might be a hardware issue. Can you please help me with this? Thanks. Your customer support can be reached to be contacted at info@honey I rely heavily on my {product_purchased} for my daily tasks, and this issue is hindering my productivity.",kaggle,HIGH,HIGH,
796,Delivery problem,"I'm having an issue with the {product_purchased}. Please assist.

"" I was really curious why you didn't add the first product to your shopping cart. If you know who gave it away... I'll be happy to I'm using the original charger that came with my {product_purchased}, but it's not charging properly.",kaggle,CRITICAL,CRITICAL,
237,Cancellation request,"I'm having an issue with the {product_purchased}. Please assist. Thanks.

We've been talking about this for several days now on reddit. I'm at this point in time able to get about 10,000 words to I've already contacted customer support multiple times, but the issue remains unresolved.",kaggle,LOW,LOW,
124,Invoicing System Crash,"Invoices are failing to generate, forcing us to delay critical business operations.",synthetic,CRITICAL,CRITICAL,
738,Delivery problem,"I'm having an issue with the {product_purchased}. Please assist.

There is no refunds or exchanges, we're just a new developer and don't have theMNs to offer you. We're just one of the few I've recently updated the firmware of my {product_purchased}, and the issue started happening afterward. Could it be related to the update?",kaggle,CRITICAL,CRITICAL,
544,Display issue,"I'm having an issue with the {product_purchased}. Please assist. If you find this issue has not yet been resolved please let me know here.

You have requested the file: [ 1.01 MB, 4.8 This problem started occurring after the recent software update. I haven't made any other changes to the device.",kaggle,HIGH,HIGH,
173,File Uploads Could Support More File Extensions,"When uploading files, it would be great if we could upload more file types than just PDFs.",synthetic,LOW,LOW,
227,Data loss,"I'm having trouble connecting my {product_purchased} to my home Wi-Fi network. It doesn't detect any networks, although other devices are connecting fine. What can be done to resolve this issue? If you're experiencing the problem This problem started occurring after the recent software update. I haven't made any other changes to the device.",kaggle,LOW,LOW,
348,Software bug,"I'm having an issue with the {product_purchased}. Please assist.

- If this is your issue, please contact us. I've noticed a sudden decrease in battery life on my {product_purchased}. It used to last much longer.",kaggle,LOW,LOW,
615,Payment issue,"I'm having an issue with the {product_purchased}. Please assist.

Note: We cannot accept duplicate offers unless you agree to pay a first-come, first-serve (first-served) price.

Ex I'm worried that the issue might be hardware-related and might require repair or replacement.",kaggle,HIGH,HIGH,
678,Product recommendation,"I'm having an issue with the {product_purchased}. Please assist.

Click here to contact us. I'm not sure if this issue is specific to my device or if others have reported similar problems.",kaggle,CRITICAL,CRITICAL,
595,Hardware issue,"I'm having an issue with the {product_purchased}. Please assist. Thanks.

You can also log in with https://hacks.stackoverflow.com/p/qxc-v-bqd-v I'm using the original charger that came with my {product_purchased}, but it's not charging properly.",kaggle,HIGH,HIGH,
592,Data loss,"I'm having an issue with the {product_purchased}. Please assist. There is a big difference between a product purchased and sold out. Please help!

I didn't make this mistake in the slightest. We bought our first phone I've noticed a peculiar error message popping up on my {product_purchased} screen. It says '{error_message}'. What does it mean?",kaggle,HIGH,HIGH,
737,Refund request,I'm having an issue with the {product_purchased}. Please assist. The item may not currently be in stock or it will not be available to purchase within the next week. If you have an existing account with the product you may choose I need assistance as soon as possible because it's affecting my work and productivity.,kaggle,CRITICAL,CRITICAL,
576,Peripheral compatibility,"I'm having trouble connecting my {product_purchased} to my home Wi-Fi network. It doesn't detect any networks, although other devices are connecting fine. What can be done to resolve this issue?

If you find the I'm unable to find the option to perform the desired action in the {product_purchased}. Could you please guide me through the steps?",kaggle,HIGH,HIGH,
121,"SLA breach due to delayed support response time, causing customer dissatisfaction","We're experiencing a significant delay in support response time, resulting in customer dissatisfaction. We need your help to resolve this ASAP.",synthetic,HIGH,MEDIUM,
812,Data loss,"I'm having an issue with the {product_purchased}. Please assist.

4 - ""I want my money back.""

- The following are your typical words I have heard over the years and over email. If no, I've performed a factory reset on my {product_purchased}, hoping it would resolve the problem, but it didn't help.",kaggle,CRITICAL,CRITICAL,
58,Two-factor authentication is not working for users with certain phones,"Our users are experiencing issues with 2FA on certain phones, which is creating security concerns. Can this be resolved today?",synthetic,HIGH,HIGH,
753,Delivery problem,"I'm having an issue with the {product_purchased}. Please assist.

Sorry, this product is no longer available. I've already contacted customer support multiple times, but the issue remains unresolved.",kaggle,CRITICAL,CRITICAL,
206,Invoice Generation Font,The font used for invoices is a bit hard to read. Could we change it to something more readable?,synthetic,LOW,LOW,
723,Product compatibility,"I'm having an issue with the {product_purchased}. Please assist. As an artist, I'm trying to build a collection, I'd like to know what's out there. Thanks!

This was posted by a member of The issue I'm facing is intermittent. Sometimes it works fine, but other times it acts up unexpectedly.",kaggle,CRITICAL,CRITICAL,
108,User Role Permissions Inheritance,Could we add a feature for role permissions to inherit from parent roles?,synthetic,LOW,LOW,
119,Minor Wording Issue in Audit Log Documentation,The wording in the audit log documentation could be clearer and easier to understand.,synthetic,LOW,LOW,
151,Mobile App Crashes on Login Due to Authentication Error,"App crashes on every login attempt due to authentication errors, preventing users from accessing the app.",synthetic,CRITICAL,CRITICAL,
802,Data loss,"I've noticed a software bug in the {product_purchased} app. It's causing data loss and unexpected errors. How can I resolve this issue?

Click here. I've already contacted customer support multiple times, but the issue remains unresolved.",kaggle,CRITICAL,CRITICAL,
762,Battery life,"There seems to be a glitch in the {product_purchased} software. It freezes frequently, making it difficult to use. Can you please provide a solution?

This is the current status. Our solutions are currently in production in the I've recently updated the firmware of my {product_purchased}, and the issue started happening afterward. Could it be related to the update?",kaggle,CRITICAL,CRITICAL,
92,Third-party integration with Google Drive is throwing errors,"The integration with Google Drive is causing issues, resulting in lost productivity. We're counting on your prompt attention to this issue.",synthetic,HIGH,HIGH,
769,Network problem,"I'm having an issue with the {product_purchased}. Please assist.

The {product_purchased}. Please assist.

$0.00 No Purchase Price

The product wasproduced for your consideration only. I need assistance as soon as possible because it's affecting my work and productivity.",kaggle,CRITICAL,CRITICAL,
598,Display issue,"I'm having an issue with the {product_purchased}. Please assist.

I'm having an issue with the (product_purchased). Please assist.

This does not help me to continue to play the game I The issue I'm facing is intermittent. Sometimes it works fine, but other times it acts up unexpectedly.",kaggle,HIGH,HIGH,
363,Product setup,"I'm having an issue with the {product_purchased}. Please assist.

[17:15:20]EMOTE: *no key*/(monkey (858)) : <b>The monkey (858)</b> rolls I've noticed a peculiar error message popping up on my {product_purchased} screen. It says '{error_message}'. What does it mean?",kaggle,LOW,LOW,
596,Hardware issue,"I've forgotten my password for my {product_purchased} account, and the password reset option is not working. How can I recover my account? 1. Find the Product Purchase and Password. If you found your purchase password, press the This problem started occurring after the recent software update. I haven't made any other changes to the device.",kaggle,HIGH,HIGH,
527,Refund request,"I'm having an issue with the {product_purchased}. Please assist.

Sell all your orders in one place.

The first thing to do is: Go to the item on your list and click Send. Don't I'm experiencing this issue on multiple devices of the same model, so it seems to be a widespread problem.",kaggle,HIGH,HIGH,
494,Cancellation request,"I've encountered a data loss issue with my {product_purchased}. All the files and documents seem to have disappeared. Can you guide me on how to retrieve them? If there is any other information, please let me know. Thanks. I'm worried that the issue might be hardware-related and might require repair or replacement.",kaggle,MEDIUM,MEDIUM,
766,Refund request,"I'm having an issue with the {product_purchased}. Please assist.

[0:01:01] [Server thread/ERROR] [FML/]: Unable to add plugin for class {model_player_2_block I rely heavily on my {product_purchased} for my daily tasks, and this issue is hindering my productivity.",kaggle,CRITICAL,CRITICAL,
330,Peripheral compatibility,"I'm having an issue with the {product_purchased}. Please assist.

It is not possible to select a product from the basket, i.e. your account, name of online retailer, or what the other products and services I'm not sure if this issue is specific to my device or if others have reported similar problems.",kaggle,LOW,LOW,
147,Financial reports are showing incorrect totals due to rounding error,"Our financial reports are displaying incorrect totals due to a rounding error, which is affecting our accounting needs. We need this fixed today.",synthetic,HIGH,CRITICAL,
332,Hardware issue,"I'm having an issue with the {product_purchased}. Please assist.

5.1.1 What is the customer support function?

The Customer Support function includes:

A call to the consumer support desk providing response I'm unable to find the option to perform the desired action in the {product_purchased}. Could you please guide me through the steps?",kaggle,LOW,LOW,
570,Refund request,"I'm having an issue with the {product_purchased}. Please assist.

* If this is an error, please contact support.

* There are other areas of support that can assist with troubleshooting.

* https I've recently updated the firmware of my {product_purchased}, and the issue started happening afterward. Could it be related to the update?",kaggle,HIGH,HIGH,
272,Display issue,"I'm having an issue with the {product_purchased}. Please assist.

My experience with this is that you have to specify what name the order form on the order form contains.

Here's the basic setup for each order I rely heavily on my {product_purchased} for my daily tasks, and this issue is hindering my productivity.",kaggle,LOW,LOW,
171,File Upload Error on Safari Browser,"We're experiencing file upload errors on Safari browser, which is causing issues with our data imports. Can you troubleshoot this?",synthetic,MEDIUM,MEDIUM,
662,Display issue,"I'm having an issue with the {product_purchased}. Please assist.

The product being purchased cannot be traded until {product_purchased} is retrieved.

Sorry, there is a problem processing your request. Please I'm using the original charger that came with my {product_purchased}, but it's not charging properly.",kaggle,HIGH,HIGH,
310,Product recommendation,I'm having an issue with the {product_purchased}. Please assist. I'm concerned about the security of my {product_purchased} and would like to ensure that my data is safe.,kaggle,LOW,LOW,
484,Cancellation request,"I'm having an issue with the {product_purchased}. Please assist. I'm not going to buy a product... please help. I can't understand what the hell is going on,"" she told local TV broadcaster WKBNB. I've noticed that the issue occurs consistently when I use a specific feature or application on my {product_purchased}.",kaggle,MEDIUM,MEDIUM,
196,Subscription Billing Details,I wish we could display the upcoming payment date for subscription billing,synthetic,LOW,LOW,
411,Cancellation request,"I've noticed a software bug in the {product_purchased} app. It's causing data loss and unexpected errors. How can I resolve this issue?


We'll do everything we can to help fix that error.

Why I've reviewed the troubleshooting steps on the official support website, but they didn't resolve the problem.",kaggle,MEDIUM,MEDIUM,
276,Network problem,"I'm having an issue with the {product_purchased}. Please assist.

Thank you,

Kai, My Ex

""The price is not for me."" — Kai on the issue

This post has been I've recently updated the firmware of my {product_purchased}, and the issue started happening afterward. Could it be related to the update?",kaggle,LOW,LOW,
192,REST API Pagination Issue,"Our REST API is experiencing issues with pagination, resulting in incorrect data being returned. This requires manual intervention to resolve.",synthetic,MEDIUM,MEDIUM,
797,Account access,"I'm having an issue with the {product_purchased}. Please assist. All payments are processed at the account login and we'll refund you your $24.28 account deposit you paid in the same shipment. If you don't send your I've performed a factory reset on my {product_purchased}, hoping it would resolve the problem, but it didn't help.",kaggle,CRITICAL,CRITICAL,
421,Refund request,"I'm having an issue with the {product_purchased}. Please assist.

I'm having an issue with the {product_purchased}. Please assist. I've ordered the same, the same, and, if anything, I've reviewed the troubleshooting steps on the official support website, but they didn't resolve the problem.",kaggle,MEDIUM,MEDIUM,
516,Product compatibility,"I'm facing issues logging into my {product_purchased} account. It says my account is locked. What should I do to unlock it? (this doesn't matter if the account owner is logged out or not)

A) I'm unable to find the option to perform the desired action in the {product_purchased}. Could you please guide me through the steps?",kaggle,MEDIUM,MEDIUM,
799,Network problem,"I'm having an issue with the {product_purchased}. Please assist.

Q: How many units, when will they come?

A: By email, October 20th, 2017. I've already contacted customer support multiple times, but the issue remains unresolved.",kaggle,CRITICAL,CRITICAL,
711,Peripheral compatibility,"I'm having an issue with the {product_purchased}. Please assist. 」(Vincent, ""Fuyo, what kind of thing is this, the product is a complete mess?」)

Even though she buses with I've tried different settings and configurations on my {product_purchased}, but the issue persists.",kaggle,CRITICAL,CRITICAL,
626,Network problem,"I'm having an issue with the {product_purchased}. Please assist.

Addendum 20: A week ago, we had a discussion on this topic of customizing our own logo. Some people have reported that the 'Founded I've already contacted customer support multiple times, but the issue remains unresolved.",kaggle,HIGH,HIGH,
241,Installation support,"I'm facing a problem with my {product_purchased}. The {product_purchased} is not turning on. It was working fine until yesterday, but now it doesn't respond. I also cannot see a product ID. My I've checked for any available software updates for my {product_purchased}, but there are none.",kaggle,LOW,LOW,
713,Delivery problem,"I'm having an issue with the {product_purchased}. Please assist.

[email protected]. <br>

[email protected]. <br>

[email protected]. <br>

[email protected]. The issue I'm facing is intermittent. Sometimes it works fine, but other times it acts up unexpectedly.",kaggle,CRITICAL,CRITICAL,
722,Data loss,"I'm having an issue with the {product_purchased}. Please assist.

I was using the coupon code: ""MEM5XGZYT7Rnj6TZ5YGz4MbQ I've performed a factory reset on my {product_purchased}, hoping it would resolve the problem, but it didn't help.",kaggle,CRITICAL,CRITICAL,
550,Payment issue,"I'm having an issue with the {product_purchased}. Please assist.

I cannot enter information. Please assist.

I'm not sure if this is the issue, or was removed from the market. Please assist. I've performed a factory reset on my {product_purchased}, hoping it would resolve the problem, but it didn't help.",kaggle,HIGH,HIGH,
801,Product recommendation,I'm having an issue with the {product_purchased}. Please assist. I've noticed a sudden decrease in battery life on my {product_purchased}. It used to last much longer.,kaggle,CRITICAL,CRITICAL,
698,Installation support,"I'm having an issue with the {product_purchased}. Please assist.

My #5 Favorite Product of 2017

It does not matter whether the user purchased the product or not.

{product_paid_1} I've tried using different cables, adapters, or peripherals with my {product_purchased}, but the issue persists.",kaggle,CRITICAL,CRITICAL,
800,Account access,"I'm having an issue with the {product_purchased}. Please assist.

I have one and I'm getting it from a local supplier. I get this issue. The supplier was very prompt and said they need some info. When I rely heavily on my {product_purchased} for my daily tasks, and this issue is hindering my productivity.",kaggle,CRITICAL,CRITICAL,
53,Mobile App Crashes on Launch for iOS 15 Users,Our mobile app has been crashing since the last update on iOS 15 devices. This is affecting our entire team who rely on the app. Unacceptable experience,synthetic,HIGH,HIGH,
795,Account access,"My {product_purchased} is making strange noises and not functioning properly. I suspect there might be a hardware issue. Can you please help me with this? Please use as much care and diligence as I can. Thanks,

I I'm using the original charger that came with my {product_purchased}, but it's not charging properly.",kaggle,CRITICAL,CRITICAL,
75,Delayed Ticket Assignments to Support Agents,"Our ticket assignments are being delayed, resulting in prolonged response times. We're breaching SLA and need urgent assistance",synthetic,HIGH,MEDIUM,
591,Software bug,"I'm having an issue with the {product_purchased}. Please assist.

Please take these with you.

I have two issues with the {product_purchased}:

1) There seems to be a I've tried different settings and configurations on my {product_purchased}, but the issue persists.",kaggle,HIGH,HIGH,
606,Payment issue,"I'm having an issue with the {product_purchased}. Please assist.

Thank you.

The items in this review should be purchased from Amazon, so please use a credit card at checkout. For a credit card, please I've tried using different cables, adapters, or peripherals with my {product_purchased}, but the issue persists.",kaggle,HIGH,HIGH,
646,Product recommendation,"I'm having an issue with the {product_purchased}. Please assist.

It is important to note that an item that is not purchased on-package will not get shipped to you. Please do so if you have an issue. I've noticed that the issue occurs consistently when I use a specific feature or application on my {product_purchased}.",kaggle,HIGH,HIGH,
162,Critical CSV Export Failure,"A crucial CSV export for our regulatory compliance is failing, requiring an immediate resolution.",synthetic,CRITICAL,CRITICAL,
273,Delivery problem,"I'm having an issue with the {product_purchased}. Please assist. [email protected]

If you are concerned that other manufacturers have the same product, simply ask your provider to contact them to confirm if the price is the correct I've noticed a sudden decrease in battery life on my {product_purchased}. It used to last much longer.",kaggle,LOW,LOW,
759,Display issue,"I'm having an issue with the {product_purchased}. Please assist. Please contact us via email to have them added to the package, or email support@adoptivecarsystem.com for a list of authorized dealers. I've checked for software updates, and my {product_purchased} is already running the latest version.",kaggle,CRITICAL,CRITICAL,
44,CSV Export Format Inconsistent,"I've noticed that the CSV export file has inconsistent formatting, with some rows having extra spaces. Could you fix this to ensure our data is clean?",synthetic,MEDIUM,LOW,
468,Peripheral compatibility,"I'm having an issue with the {product_purchased}. Please assist.

If you do not know what you are getting from this product then you are not a member of the customer service team at the site you are looking for. I need assistance as soon as possible because it's affecting my work and productivity.",kaggle,MEDIUM,MEDIUM,
466,Data loss,"I'm having an issue with the {product_purchased}. Please assist.

When is that?

What happens if the product is purchased from the other party?

What if I don't order an order? I'm concerned about the security of my {product_purchased} and would like to ensure that my data is safe.",kaggle,MEDIUM,MEDIUM,
149,Customisation for Email Templates,It'd be super helpful if we could customise email templates a bit more,synthetic,LOW,LOW,
9,Failed Import of CSV Files,We're unable to import CSV files due to a failed import process. Frustrating experience for our users,synthetic,HIGH,HIGH,
62,Password Reset Page Font Size,"The font is a bit small on the password reset page. Making it a bit bigger would be great, thanks.",synthetic,LOW,LOW,
450,Display issue,"I'm unable to access my {product_purchased} account. It keeps displaying an 'Invalid Credentials' error, even though I'm using the correct login information. How can I regain access to my account?

[...] I'm unable to find the option to perform the desired action in the {product_purchased}. Could you please guide me through the steps?",kaggle,MEDIUM,MEDIUM,
781,Battery life,"I'm having an issue with the {product_purchased}. Please assist.

You can read the full report here.

How to avoid the worst, the most dangerous, the safest

Please note:

The following I'm using the original charger that came with my {product_purchased}, but it's not charging properly.",kaggle,CRITICAL,CRITICAL,
254,Software bug,"I'm having an issue with the {product_purchased}. Please assist. I will contact you if I need a replacement.

[2]: (1) The vendor does not give you an authorization that a valid invoice is available for I've reviewed the troubleshooting steps on the official support website, but they didn't resolve the problem.",kaggle,LOW,LOW,
706,Data loss,"I'm having an issue with the {product_purchased}. Please assist. I'm at (800) 661-4513.

We have problems with the {product_purchased}. Please assist. I'm at ( This problem started occurring after the recent software update. I haven't made any other changes to the device.",kaggle,CRITICAL,CRITICAL,
652,Account access,"I'm having an issue with the {product_purchased}. Please assist. :)

I have a few good things to say about it.

First, it's not your PC.

What this means is that it is I've already contacted customer support multiple times, but the issue remains unresolved.",kaggle,HIGH,HIGH,
140,"REST API is returning incorrect user data, affecting our app","Our app is fetching incorrect user data from the API, resulting in incorrect functionality. We need your help to resolve this ASAP.",synthetic,HIGH,CRITICAL,
681,Network problem,"I'm having an issue with the {product_purchased}. Please assist.

If you're having an issue with the {product_purchased}. Please assist.

I am a member of the ""Yuppie Generation I've noticed that the issue occurs consistently when I use a specific feature or application on my {product_purchased}.",kaggle,CRITICAL,CRITICAL,
25,Unsecured Data Storage Causing Compliance Issues,"We've discovered unsecured data storage, putting our organization at risk of non-compliance. Please resolve ASAP.",synthetic,CRITICAL,CRITICAL,
499,Product recommendation,"I'm having an issue with the {product_purchased}. Please assist. Product# : {product_purchased}, The Product : {product_purchased} Product# : {product_purchased} Brand: Brand The issue I'm facing is intermittent. Sometimes it works fine, but other times it acts up unexpectedly.",kaggle,MEDIUM,MEDIUM,
300,Account access,"I'm having an issue with the {product_purchased}. Please assist.

Please contact the vendor directly.

Help! I've sent the vendor to apologize for the issue with MyTome of MGS4, and you I've checked the device settings and made sure that everything is configured correctly.",kaggle,LOW,LOW,
350,Refund request,"I'm having an issue with the {product_purchased}. Please assist. Kaine@thebern.com


On January 26, 2016, Kaine announced that he planned to quit the DNC when the ""elector race"" ended, when I'm concerned about the security of my {product_purchased} and would like to ensure that my data is safe.",kaggle,LOW,LOW,
640,Network problem,"I'm having an issue with the {product_purchased}. Please assist.

The issue was reported by @Jabz, @worling.

Here's a link from @WorlingCdn. Check out I've recently updated the firmware of my {product_purchased}, and the issue started happening afterward. Could it be related to the update?",kaggle,HIGH,HIGH,
784,Product recommendation,"I'm facing issues logging into my {product_purchased} account. It says my account is locked. What should I do to unlock it? $ root ssh ave # root ::::::::::::::::::::: (logs in I've checked for software updates, and my {product_purchased} is already running the latest version.",kaggle,CRITICAL,CRITICAL,
692,Cancellation request,"I'm having an issue with the {product_purchased}. Please assist. I've tried troubleshooting steps mentioned in the user manual, but the issue persists.",kaggle,CRITICAL,CRITICAL,
309,Product recommendation,"I'm having an issue with the {product_purchased}. Please assist.

Seller.ca will be updated if this is the case. I've followed online tutorials and community forums to troubleshoot the issue, but no luck so far.",kaggle,LOW,LOW,
344,Data loss,"My {product_purchased} crashed, and I lost all the data stored on it. Is there any way to recover the lost data? I don't have these data on the server, I don't have my own storage solution."" I'm using the original charger that came with my {product_purchased}, but it's not charging properly.",kaggle,LOW,LOW,
461,Account access,"I'm having an issue with the {product_purchased}. Please assist. If you choose not to receive the product you would like sent to, please contact our sales rep by phone at 1-888-996-7678; we will I'm using the original charger that came with my {product_purchased}, but it's not charging properly.",kaggle,MEDIUM,MEDIUM,
155,Subscription billing errors causing account freezes,"Multiple users are experiencing account freezes due to billing errors, resulting in lost revenue. We're breaching our SLA and need this resolved today.",synthetic,HIGH,HIGH,
668,Product setup,"There seems to be a glitch in the {product_purchased} software. It freezes frequently, making it difficult to use. Can you please provide a solution? I've tried clearing the cache and data for the {product_purchased} app, but the issue persists.",kaggle,HIGH,HIGH,
741,Product compatibility,"I'm having an issue with the {product_purchased}. Please assist.

This item no longer exists or can't be repaired. An item cannot be repaired until it can be re-examined. Completing a new copy I'm concerned about the security of my {product_purchased} and would like to ensure that my data is safe.",kaggle,CRITICAL,CRITICAL,
597,Product recommendation,"I'm having an issue with the {product_purchased}. Please assist.


Please don't email me, I'm missing. Email is required. If you need to make an app change of this app, contact me. I'm concerned about the security of my {product_purchased} and would like to ensure that my data is safe.",kaggle,HIGH,HIGH,
535,Peripheral compatibility,"I'm having an issue with the {product_purchased}. Please assist.

The {product_price} is one of those things that's probably going to cause problems. Let's see, you bought a product from an established seller I've noticed a sudden decrease in battery life on my {product_purchased}. It used to last much longer.",kaggle,HIGH,HIGH,
57,Ticket Search Functionality Not Working as Expected,"When searching for tickets, it's showing incorrect results. This makes it impossible for our team to track and resolve issues efficiently.",synthetic,HIGH,MEDIUM,
64,Production Database Unreachable Causing System Failure,Our database has become unresponsive. This has caused our platform to crash. We can't afford downtime.,synthetic,CRITICAL,CRITICAL,
622,Product setup,I'm having an issue with the {product_purchased}. Please assist. Thank you. I appreciate your time. } return } export function create_item() {} export default function use_item() { var product = new Gimp. I'm concerned about the security of my {product_purchased} and would like to ensure that my data is safe.,kaggle,HIGH,HIGH,
770,Hardware issue,"I'm having an issue with the {product_purchased}. Please assist.

Product Name: NPSI

Price: $5.99

Size: 4.95mm

Dimensions: 45mm I need assistance as soon as possible because it's affecting my work and productivity.",kaggle,CRITICAL,CRITICAL,
635,Product compatibility,"I'm having an issue with the {product_purchased}. Please assist. The product purchase information does not correspond to the type of product that you want shipped. Please note: If your order includes multiple items, you may need to select different The issue I'm facing is intermittent. Sometimes it works fine, but other times it acts up unexpectedly.",kaggle,HIGH,HIGH,
395,Data loss,"I'm having an issue with the {product_purchased}. Please assist.

How can it be disabled?

It is the responsibility of the seller to ensure that the product and/or the transaction itself have been completed prior to I need assistance as soon as possible because it's affecting my work and productivity.",kaggle,MEDIUM,MEDIUM,
510,Product setup,"I'm having trouble connecting my {product_purchased} to my home Wi-Fi network. It doesn't detect any networks, although other devices are connecting fine. What can be done to resolve this issue? Here's how my new home I'm unable to find the option to perform the desired action in the {product_purchased}. Could you please guide me through the steps?",kaggle,MEDIUM,MEDIUM,
372,Delivery problem,"There seems to be a hardware problem with my {product_purchased}. The screen is flickering, and I'm unable to use it. What should I do?

Can't do anything about this, the only possible way is with the I've checked for any available software updates for my {product_purchased}, but there are none.",kaggle,LOW,LOW,
233,Account access,"I've encountered a data loss issue with my {product_purchased}. All the files and documents seem to have disappeared. Can you guide me on how to retrieve them?


I'm curious why the data would get lost on the web I've noticed a peculiar error message popping up on my {product_purchased} screen. It says '{error_message}'. What does it mean?",kaggle,LOW,LOW,
77,Email Notifications Delayed or Not Sent,Our users are reporting delayed or missing email notifications. This affects our communication with clients and vendors,synthetic,HIGH,MEDIUM,
712,Payment issue,"I'm having an issue with the {product_purchased}. Please assist.

My code name is

""The Good Thing""

This doesn't work with any other languages. Let me know how I can use it. I'm using the original charger that came with my {product_purchased}, but it's not charging properly.",kaggle,CRITICAL,CRITICAL,
148,Database Backup Failure Causing Data Loss,"Our database backup process has failed, leading to data loss. We need a fix to prevent future losses.",synthetic,CRITICAL,CRITICAL,
791,Product compatibility,"I'm having an issue with the {product_purchased}. Please assist.

The product that I purchased from the sellers is not in the product description and the seller won't change it.

We are able to determine if there I've tried clearing the cache and data for the {product_purchased} app, but the issue persists.",kaggle,CRITICAL,CRITICAL,
244,Account access,"I'm having an issue with the {product_purchased}. Please assist. I've recently updated the firmware of my {product_purchased}, and the issue started happening afterward. Could it be related to the update?",kaggle,LOW,LOW,
326,Refund request,"I'm having an issue with the {product_purchased}. Please assist. - JANIMO-JANIMO, PROMPT, 1.0.45, P1.13, 0, 0.0000.0002 This problem started occurring after the recent software update. I haven't made any other changes to the device.",kaggle,LOW,LOW,
340,Peripheral compatibility,"I'm facing a problem with my {product_purchased}. The {product_purchased} is not turning on. It was working fine until yesterday, but now it doesn't respond. Try to close the device. To fix it I've followed the troubleshooting steps mentioned in the user manual, but the issue persists.",kaggle,LOW,LOW,
447,Account access,"I'm having an issue with the {product_purchased}. Please assist.

Cancelled

Thank you.

Sincerely, The issue I'm facing is intermittent. Sometimes it works fine, but other times it acts up unexpectedly.",kaggle,MEDIUM,MEDIUM,
40,CSV Export File Header,Would it be possible to add a column header for the 'Created At' timestamp in CSV exports? Thanks!,synthetic,LOW,LOW,
230,Cancellation request,"I'm having an issue with the {product_purchased}. Please assist.

*

* https://chrome.google.com/extensions/detail/sans/sans2/sans2-beta-1 I'm using the original charger that came with my {product_purchased}, but it's not charging properly.",kaggle,LOW,LOW,
249,Installation support,"I'm having an issue with the {product_purchased}. Please assist. </a> </span> </blockquote>

<blockquote type=""text/css"">

<p>If your device is not registered, I've noticed a sudden decrease in battery life on my {product_purchased}. It used to last much longer.",kaggle,LOW,LOW,
485,Cancellation request,"I'm having an issue with the {product_purchased}. Please assist. I've performed a factory reset on my {product_purchased}, hoping it would resolve the problem, but it didn't help.",kaggle,MEDIUM,MEDIUM,
293,Network problem,"I'm having an issue with the {product_purchased}. Please assist. Thanks.

This product is available now.

This product is available now.

Vinyl Larger

Size: 19X18 I need assistance as soon as possible because it's affecting my work and productivity.",kaggle,LOW,LOW,
462,Software bug,"My {product_purchased} is making strange noises and not functioning properly. I suspect there might be a hardware issue. Can you please help me with this? I've already contacted customer support multiple times, but the issue remains unresolved.",kaggle,MEDIUM,MEDIUM,
740,Peripheral compatibility,"I'm having an issue with the {product_purchased}. Please assist. Thank you. This is why I'm having issues with the {product_purchased}. Please assist.

The item in question is simply being removed from I'm experiencing this issue on multiple devices of the same model, so it seems to be a widespread problem.",kaggle,CRITICAL,CRITICAL,
154,Audit Log Entries Could Include More Details,Thought it would be useful if the audit log entries included more details about the action taken.,synthetic,LOW,LOW,
449,Product recommendation,"I'm having an issue with the {product_purchased}. Please assist. We all know how important it is that you share your money with us and we can help. I also know we have some questions. Please feel free to ask. I'm using the original charger that came with my {product_purchased}, but it's not charging properly.",kaggle,MEDIUM,MEDIUM,
664,Software bug,"I've forgotten my password for my {product_purchased} account, and the password reset option is not working. How can I recover my account?

In case you haven't already, there is a procedure available to recover an account I've followed online tutorials and community forums to troubleshoot the issue, but no luck so far.",kaggle,HIGH,HIGH,
656,Data loss,"I'm having an issue with the {product_purchased}. Please assist. I've checked for software updates, and my {product_purchased} is already running the latest version.",kaggle,HIGH,HIGH,
755,Refund request,"I'm facing a problem with my {product_purchased}. The {product_purchased} is not turning on. It was working fine until yesterday, but now it doesn't respond. I'm in a rush. Thank you. This problem started occurring after the recent software update. I haven't made any other changes to the device.",kaggle,CRITICAL,CRITICAL,
266,Account access,"I've accidentally deleted important data from my {product_purchased}. Is there any way to recover the deleted files? I need them urgently. Thank you very much for the help.

3.3.1.2 Bug: When I've followed the troubleshooting steps mentioned in the user manual, but the issue persists.",kaggle,LOW,LOW,
757,Payment issue,"I'm unable to access my {product_purchased} account. It keeps displaying an 'Invalid Credentials' error, even though I'm using the correct login information. How can I regain access to my account?

This is I've noticed a peculiar error message popping up on my {product_purchased} screen. It says '{error_message}'. What does it mean?",kaggle,CRITICAL,CRITICAL,
643,Battery life,"I'm having an issue with the {product_purchased}. Please assist.

The {product_id} is the identifier that you want to be used to specify for the {product_id}. It does not need to be the I'm using the original charger that came with my {product_purchased}, but it's not charging properly.",kaggle,HIGH,HIGH,
760,Installation support,"I'm having an issue with the {product_purchased}. Please assist.

This one is all.

With this I realized how to use the same methods that you'll use in the future when working with the product, just I've recently updated the firmware of my {product_purchased}, and the issue started happening afterward. Could it be related to the update?",kaggle,CRITICAL,CRITICAL,
651,Battery life,"I'm having an issue with the {product_purchased}. Please assist. We're able to use the customer code to ensure everyone is getting the best price possible.

1.13 We're happy to work on this. I'm experiencing this issue on multiple devices of the same model, so it seems to be a widespread problem.",kaggle,HIGH,HIGH,
433,Software bug,"I'm having an issue with the {product_purchased}. Please assist.

A

d0-1-3-4: A5

4-4-1-9: A2
theless I thought it I've followed online tutorials and community forums to troubleshoot the issue, but no luck so far.",kaggle,MEDIUM,MEDIUM,
803,Product setup,"I've encountered a data loss issue with my {product_purchased}. All the files and documents seem to have disappeared. Can you guide me on how to retrieve them? Thanks."" I've performed a factory reset on my {product_purchased}, hoping it would resolve the problem, but it didn't help.",kaggle,CRITICAL,CRITICAL,
556,Refund request,"I've forgotten my password for my {product_purchased} account, and the password reset option is not working. How can I recover my account? Please give me an email address for my login page and I'll contact you to do some I've tried clearing the cache and data for the {product_purchased} app, but the issue persists.",kaggle,HIGH,HIGH,
314,Product compatibility,"I'm having an issue with the {product_purchased}. Please assist.

This is my $20 coupon

If you click on the promo link and buy in-store at my other shop, we get 5% discount for This problem started occurring after the recent software update. I haven't made any other changes to the device.",kaggle,LOW,LOW,
690,Refund request,"I'm having an issue with the {product_purchased}. Please assist. ""

[ { product_purchased, name = "" XBOOST_BLUEGRIN_1 "" } ]]

# I've already contacted customer support multiple times, but the issue remains unresolved.",kaggle,CRITICAL,CRITICAL,
488,Product compatibility,"I'm having an issue with the {product_purchased}. Please assist.

* Product is a free product for US residents only. I've performed a factory reset on my {product_purchased}, hoping it would resolve the problem, but it didn't help.",kaggle,MEDIUM,MEDIUM,
543,Product recommendation,"I'm having an issue with the {product_purchased}. Please assist. Sorry if this is a problem. Please let me know.

I use the {product_purchased} because I have so many ""tricks"" I've already contacted customer support multiple times, but the issue remains unresolved.",kaggle,HIGH,HIGH,
78,Invoice Generation Error Message,"The error message when generating an invoice is a bit confusing. Could you make it a bit clearer, please?",synthetic,LOW,LOW,
279,Software bug,"I've accidentally deleted important data from my {product_purchased}. Is there any way to recover the deleted files? I need them urgently.


Sorry to hear all. However, I'd like to ask for someone to respond for this I'm unable to find the option to perform the desired action in the {product_purchased}. Could you please guide me through the steps?",kaggle,LOW,LOW,
727,Data loss,"I'm having an issue with the {product_purchased}. Please assist.

Please login to make this site work properly by clicking any button below. I've noticed a peculiar error message popping up on my {product_purchased} screen. It says '{error_message}'. What does it mean?",kaggle,CRITICAL,CRITICAL,
420,Hardware issue,"I'm having an issue with the {product_purchased}. Please assist.

We appreciate your support and are here to be helpful. All prices are based on 10% APR. I've recently updated the firmware of my {product_purchased}, and the issue started happening afterward. Could it be related to the update?",kaggle,MEDIUM,MEDIUM,
280,Cancellation request,"I'm having an issue with the {product_purchased}. Please assist. (this message will contain affiliate links).

We appreciate your time, we look forward to adding more to your site.

Read more.. I've followed the troubleshooting steps mentioned in the user manual, but the issue persists.",kaggle,LOW,LOW,
665,Cancellation request,"I'm having an issue with the {product_purchased}. Please assist.

""

set (x)

call (e)

fprintf (y)

fprintf (f)

""Error I'm using the original charger that came with my {product_purchased}, but it's not charging properly.",kaggle,HIGH,HIGH,
364,Payment issue,"My {product_purchased} crashed, and I lost all the data stored on it. Is there any way to recover the lost data?

In any case, the first thing is to reset the data stored on the product of the I rely heavily on my {product_purchased} for my daily tasks, and this issue is hindering my productivity.",kaggle,LOW,LOW,
457,Refund request,"I'm having an issue with the {product_purchased}. Please assist. There are no more valid products (it can't be a product now) on the marketplace. You will be notified by email within a few days.

We The issue I'm facing is intermittent. Sometimes it works fine, but other times it acts up unexpectedly.",kaggle,MEDIUM,MEDIUM,
745,Cancellation request,"There seems to be a glitch in the {product_purchased} software. It freezes frequently, making it difficult to use. Can you please provide a solution?

For a more complete list of the issues please read our FAQ or call I rely heavily on my {product_purchased} for my daily tasks, and this issue is hindering my productivity.",kaggle,CRITICAL,CRITICAL,
405,Delivery problem,"I'm having an issue with the {product_purchased}. Please assist. A total of eight users currently active (0.0717%) * This message has been deleted.

VirusTotal 0.0.0.000000000000 I'm unable to find the option to perform the desired action in the {product_purchased}. Could you please guide me through the steps?",kaggle,MEDIUM,MEDIUM,
305,Account access,"I'm having trouble connecting my {product_purchased} to my home Wi-Fi network. It doesn't detect any networks, although other devices are connecting fine. What can be done to resolve this issue?

Try sending an E I've already contacted customer support multiple times, but the issue remains unresolved.",kaggle,LOW,LOW,
329,Display issue,"My {product_purchased} crashed, and I lost all the data stored on it. Is there any way to recover the lost data?

- Yes

Click to expand... I've tried different settings and configurations on my {product_purchased}, but the issue persists.",kaggle,LOW,LOW,
423,Delivery problem,"I'm having an issue with the {product_purchased}. Please assist.

*

* [PRODUCT_PACKAGE] Product.php - https://github.com/Tyrumiko/Razer_S This problem started occurring after the recent software update. I haven't made any other changes to the device.",kaggle,MEDIUM,MEDIUM,
431,Product compatibility,I'm having an issue with the {product_purchased}. Please assist. I will fix it quickly. Please do not contact me without my permission. A simple message on my message board would be greatly appreciated. I would hope that everyone has This problem started occurring after the recent software update. I haven't made any other changes to the device.,kaggle,MEDIUM,MEDIUM,
271,Hardware issue,"I'm encountering a software bug in the {product_purchased}. Whenever I try to perform a specific action, the application crashes. Are there any updates or fixes available?

Since we were planning on improving the workflow for the main repository I'm concerned about the security of my {product_purchased} and would like to ensure that my data is safe.",kaggle,LOW,LOW,
787,Cancellation request,"I'm having an issue with the {product_purchased}. Please assist.

1) This product may be sold to anyone at no cost to you but only so long as your name and contact information are given to you by the supplier I've followed online tutorials and community forums to troubleshoot the issue, but no luck so far.",kaggle,CRITICAL,CRITICAL,
686,Product recommendation,"I'm having an issue with the {product_purchased}. Please assist. Sorry, I get no support.

5 2/1/2017 7:58:03 The one I bought (or used) was quite the surprise. I'm using the original charger that came with my {product_purchased}, but it's not charging properly.",kaggle,CRITICAL,CRITICAL,
519,Battery life,"My {product_purchased} crashed, and I lost all the data stored on it. Is there any way to recover the lost data?

The answers to those questions lie somewhere at the bottom of the disk. This may not seem I'm concerned about the security of my {product_purchased} and would like to ensure that my data is safe.",kaggle,MEDIUM,MEDIUM,
394,Product compatibility,"I'm having an issue with the {product_purchased}. Please assist.

How should this page load?

Please use the correct browser of choice for your browser.

What's the value of this page? I'm using the original charger that came with my {product_purchased}, but it's not charging properly.",kaggle,MEDIUM,MEDIUM,
552,Installation support,"There seems to be a hardware problem with my {product_purchased}. The screen is flickering, and I'm unable to use it. What should I do?

I've tried three different tools for improving the screen quality: The issue I'm facing is intermittent. Sometimes it works fine, but other times it acts up unexpectedly.",kaggle,HIGH,HIGH,
815,Cancellation request,"I'm having an issue with the {product_purchased}. Please assist. Your billing has been cleared. Contact the seller and the payment method(s) you wish to proceed with using.

3.5.1 - You've This problem started occurring after the recent software update. I haven't made any other changes to the device.",kaggle,CRITICAL,CRITICAL,
768,Peripheral compatibility,I'm having an issue with the {product_purchased}. Please assist. This problem started occurring after the recent software update. I haven't made any other changes to the device.,kaggle,CRITICAL,CRITICAL,
750,Battery life,I'm having an issue with the {product_purchased}. Please assist. I need assistance as soon as possible because it's affecting my work and productivity.,kaggle,CRITICAL,CRITICAL,
666,Product compatibility,"I'm having an issue with the {product_purchased}. Please assist. Courtney says it's been two weeks. She says.

[23:46:27]SAY: James Fury/MollyKristoph : No I'm not sure if this issue is specific to my device or if others have reported similar problems.",kaggle,HIGH,HIGH,
714,Hardware issue,"I'm having an issue with the {product_purchased}. Please assist. - - - - - - - - - - - - - - - - - - - - - - - - - - - - - - - - - I've tried different settings and configurations on my {product_purchased}, but the issue persists.",kaggle,CRITICAL,CRITICAL,
707,Hardware issue,My {product_purchased} is making strange noises and not functioning properly. I suspect there might be a hardware issue. Can you please help me with this? Thanks... -Bryce I've noticed a peculiar error message popping up on my {product_purchased} screen. It says '{error_message}'. What does it mean?,kaggle,CRITICAL,CRITICAL,
603,Peripheral compatibility,"I'm having an issue with the {product_purchased}. Please assist.

When looking for a retailer, please consider these items: I've followed the troubleshooting steps mentioned in the user manual, but the issue persists.",kaggle,HIGH,HIGH,
624,Battery life,"The {product_purchased} is unable to establish a stable internet connection. It keeps disconnecting intermittently. How can I troubleshoot this network problem? If your network is running at full load for at least 4 hours, you probably I'm worried that the issue might be hardware-related and might require repair or replacement.",kaggle,HIGH,HIGH,
103,Subscription Billing Cycle Incorrect,"Our subscription billing cycle is not accurate, and it's causing us to get charged extra. Can you correct the billing cycle?",synthetic,MEDIUM,HIGH,
289,Delivery problem,"I'm having an issue with the {product_purchased}. Please assist.

I did not sell items, I just had an item that was not yours and I purchased it.

I'd like to see if we know what I've tried troubleshooting steps mentioned in the user manual, but the issue persists.",kaggle,LOW,LOW,
37,"Analytics Tool Down, Preventing Critical Business Insights","Our analytics tool is currently unavailable, hindering our ability to make informed decisions. Please resolve ASAP.",synthetic,CRITICAL,CRITICAL,
571,Battery life,"I'm having an issue with the {product_purchased}. Please assist. Please, contact me if I find something wrong with them. Also advise my mom to do something about what I'm doing, as soon as possible. Thank you for I've checked the device settings and made sure that everything is configured correctly.",kaggle,HIGH,HIGH,
59,"User session timeout is set to 60 seconds, causing inconvenience","The short session timeout is causing users to be logged out frequently, which is frustrating for them. Can we increase the session timeout?",synthetic,HIGH,MEDIUM,
587,Network problem,"I'm facing a problem with my {product_purchased}. The {product_purchased} is not turning on. It was working fine until yesterday, but now it doesn't respond. So I'm contacting him to get him to I've noticed a peculiar error message popping up on my {product_purchased} screen. It says '{error_message}'. What does it mean?",kaggle,HIGH,HIGH,
129,Backup job is taking an abnormally long time to complete,"Our backups are taking too long to complete, which is a significant risk to our data. Please assist us in resolving this issue ASAP.",synthetic,HIGH,HIGH,
716,Data loss,"I'm having an issue with the {product_purchased}. Please assist.

Q: Can I buy more than one copy of the item?

A: All sales are limited to 1 (1) copy. (Except for I need assistance as soon as possible because it's affecting my work and productivity.",kaggle,CRITICAL,CRITICAL,
808,Data loss,"I'm encountering a software bug in the {product_purchased}. Whenever I try to perform a specific action, the application crashes. Are there any updates or fixes available? All updates are included, and if they are available, we have been I'm unable to find the option to perform the desired action in the {product_purchased}. Could you please guide me through the steps?",kaggle,CRITICAL,CRITICAL,
780,Software bug,"There seems to be a hardware problem with my {product_purchased}. The screen is flickering, and I'm unable to use it. What should I do? I'm not sure if this issue is specific to my device or if others have reported similar problems.",kaggle,CRITICAL,CRITICAL,
101,Password reset link is expired after 10 minutes,"The password reset link is expiring too quickly, making it difficult for users to reset their passwords. Can this time limit be increased?",synthetic,HIGH,MEDIUM,
610,Refund request,"I'm having an issue with the {product_purchased}. Please assist.

I'm having an issue with the {product_purchased}. Please assist. The account is not available for review.

The account is not I've followed online tutorials and community forums to troubleshoot the issue, but no luck so far.",kaggle,HIGH,HIGH,
287,Display issue,"I'm having an issue with the {product_purchased}. Please assist.

It's an app for users to browse in their current and current location using the {product_category}. It is a good idea to check each product's I've tried different settings and configurations on my {product_purchased}, but the issue persists.",kaggle,LOW,LOW,
621,Refund request,"My {product_purchased} is making strange noises and not functioning properly. I suspect there might be a hardware issue. Can you please help me with this? https://pbs.twimg.com/media/CJGm I've performed a factory reset on my {product_purchased}, hoping it would resolve the problem, but it didn't help.",kaggle,HIGH,HIGH,
507,Payment issue,"I'm having an issue with the {product_purchased}. Please assist.

This product is now out of stock and will get replaced.

This product is now out of stock and will get replaced.

This product is I've performed a factory reset on my {product_purchased}, hoping it would resolve the problem, but it didn't help.",kaggle,MEDIUM,MEDIUM,
600,Payment issue,"There seems to be a hardware problem with my {product_purchased}. The screen is flickering, and I'm unable to use it. What should I do?

I don't know why I have to worry about using a keyboard just I've noticed a peculiar error message popping up on my {product_purchased} screen. It says '{error_message}'. What does it mean?",kaggle,HIGH,HIGH,
786,Product setup,"I'm having an issue with the {product_purchased}. Please assist.

The above message will appear in your Logout. If you clicked in ""My Name, Email Address, and Password"", here are the fields you will need I've noticed a sudden decrease in battery life on my {product_purchased}. It used to last much longer.",kaggle,CRITICAL,CRITICAL,
253,Software bug,"The {product_purchased} is unable to establish a stable internet connection. It keeps disconnecting intermittently. How can I troubleshoot this network problem? https://bugs.debian.org/cgi-bin/bugreport.cgi I've tried different settings and configurations on my {product_purchased}, but the issue persists.",kaggle,LOW,LOW,
439,Battery life,"I'm having an issue with the {product_purchased}. Please assist.

This request will not show up in the next 24 hours. I'm concerned about the security of my {product_purchased} and would like to ensure that my data is safe.",kaggle,MEDIUM,MEDIUM,
444,Delivery problem,"I'm having an issue with the {product_purchased}. Please assist. 1 2 3 5 6 7 8 9 10 11 12 13 <?php // http://cve.mitre.org/cgi-bin/cvename I've performed a factory reset on my {product_purchased}, hoping it would resolve the problem, but it didn't help.",kaggle,MEDIUM,MEDIUM,
709,Delivery problem,"My {product_purchased} is making strange noises and not functioning properly. I suspect there might be a hardware issue. Can you please help me with this? If you are experiencing this issue, please let me know if you have any technical I'm not sure if this issue is specific to my device or if others have reported similar problems.",kaggle,CRITICAL,CRITICAL,
264,Account access,"I've accidentally deleted important data from my {product_purchased}. Is there any way to recover the deleted files? I need them urgently. Is there a way to recover information from the product purchased?

Thank you for your interest in This problem started occurring after the recent software update. I haven't made any other changes to the device.",kaggle,LOW,LOW,
88,"Database connection error, please assist.","The database is failing to connect, resulting in data inconsistencies and errors. This requires immediate resolution.",synthetic-edge,CRITICAL,CRITICAL,
689,Product setup,"I'm having an issue with the {product_purchased}. Please assist.


If you have another question, please feel free to contact us about it.

Please add the following information:

http://us.pand I'm not sure if this issue is specific to my device or if others have reported similar problems.",kaggle,CRITICAL,CRITICAL,
744,Hardware issue,"I'm having trouble connecting my {product_purchased} to my home Wi-Fi network. It doesn't detect any networks, although other devices are connecting fine. What can be done to resolve this issue?

Solution: Find and I've checked for software updates, and my {product_purchased} is already running the latest version.",kaggle,CRITICAL,CRITICAL,
659,Product compatibility,"I've noticed a software bug in the {product_purchased} app. It's causing data loss and unexpected errors. How can I resolve this issue?

Try to use the {product_purchased} plugin manually. This problem started occurring after the recent software update. I haven't made any other changes to the device.",kaggle,HIGH,HIGH,
593,Hardware issue,"I'm having an issue with the {product_purchased}. Please assist. If something fails to respond and there is no support or communication, the code will not be updated on the next update.

- Fix for user-agent not I've followed online tutorials and community forums to troubleshoot the issue, but no luck so far.",kaggle,HIGH,HIGH,
218,Incorrect Timezone Display in Dashboard,The system is showing the wrong timezone for our organization's location. This is annoying and making it hard to track user activities. Please correct the timezone setting ASAP.,synthetic,MEDIUM,LOW,
620,Network problem,"I've recently set up my {product_purchased}, but it fails to connect to any available networks. What steps should I take to troubleshoot this issue?


In my first attempt, I set an account credentials and enabled the I've performed a factory reset on my {product_purchased}, hoping it would resolve the problem, but it didn't help.",kaggle,HIGH,HIGH,
453,Delivery problem,"I've recently set up my {product_purchased}, but it fails to connect to any available networks. What steps should I take to troubleshoot this issue? Check out what I've been able to accomplish, as I'm running a I've followed online tutorials and community forums to troubleshoot the issue, but no luck so far.",kaggle,MEDIUM,MEDIUM,
549,Payment issue,"I'm having an issue with the {product_purchased}. Please assist.

[05:36] <@piglet> [05:36] <@mike9> [05:38] <@piglet> [ I'm experiencing this issue on multiple devices of the same model, so it seems to be a widespread problem.",kaggle,HIGH,HIGH,
7,"Analytics Dashboard Down, Preventing Critical Business Insights","Our analytics tool is currently unavailable, hindering our ability to make informed decisions. Please resolve ASAP.",synthetic,CRITICAL,CRITICAL,
170,"Data loss catastrophe, urgent assistance.","Our database has been compromised, resulting in the loss of critical client information. Please help.",synthetic-edge,CRITICAL,CRITICAL,
247,Product recommendation,"I'm having an issue with the {product_purchased}. Please assist. "" aspiration_id ='1.13191422152955456214954559.454545.45453057.4545 I've followed the troubleshooting steps mentioned in the user manual, but the issue persists.",kaggle,LOW,LOW,
76,REST API Could Support Basic Authentication,Would be really helpful if the REST API supported basic authentication for added security.,synthetic,LOW,LOW,
177,Failed User Provisioning with Active Directory,We're unable to provision users from our Active Directory. This affects our entire team's access to the system.,synthetic,HIGH,HIGH,
735,Battery life,"I'm having an issue with the {product_purchased}. Please assist. We provide our own branded product, the one with which we use. It is a custom made product. There is only one way to buy something without the purchase of I've already contacted customer support multiple times, but the issue remains unresolved.",kaggle,CRITICAL,CRITICAL,
277,Network problem,"I'm having an issue with the {product_purchased}. Please assist.

It's been a while.

- Mami Aoki (GK)

""I know, but it's like you're doing nothing I've recently updated the firmware of my {product_purchased}, and the issue started happening afterward. Could it be related to the update?",kaggle,LOW,LOW,
536,Account access,"I'm having trouble connecting my {product_purchased} to my home Wi-Fi network. It doesn't detect any networks, although other devices are connecting fine. What can be done to resolve this issue? How to use your existing router I've noticed a peculiar error message popping up on my {product_purchased} screen. It says '{error_message}'. What does it mean?",kaggle,HIGH,HIGH,
425,Hardware issue,"I'm having trouble connecting my {product_purchased} to my home Wi-Fi network. It doesn't detect any networks, although other devices are connecting fine. What can be done to resolve this issue?

We have taken steps I've reviewed the troubleshooting steps on the official support website, but they didn't resolve the problem.",kaggle,MEDIUM,MEDIUM,
335,Peripheral compatibility,"I'm having an issue with the {product_purchased}. Please assist.

* To disable it, make sure it's in the {user_mode} [{user_id}) [select[]] section [options] I'm unable to find the option to perform the desired action in the {product_purchased}. Could you please guide me through the steps?",kaggle,LOW,LOW,
465,Battery life,"I'm having an issue with the {product_purchased}. Please assist.

I have one of my best friends, a young man that I adore dearly, who is taking all my classes with him. Once heπs out of I've checked for any available software updates for my {product_purchased}, but there are none.",kaggle,MEDIUM,MEDIUM,
721,Installation support,"I'm having an issue with the {product_purchased}. Please assist. Thank you."" I'm worried that the issue might be hardware-related and might require repair or replacement.",kaggle,CRITICAL,CRITICAL,
438,Peripheral compatibility,"I'm having an issue with the {product_purchased}. Please assist. <$scope> <span id=""Product_purchased""></span></p><span id=""Product_purchased_from""><span id=""Product I've recently updated the firmware of my {product_purchased}, and the issue started happening afterward. Could it be related to the update?",kaggle,MEDIUM,MEDIUM,
639,Product compatibility,"I'm having an issue with the {product_purchased}. Please assist. Thanks!!"" I've recently updated the firmware of my {product_purchased}, and the issue started happening afterward. Could it be related to the update?",kaggle,HIGH,HIGH,
545,Display issue,"I'm having an issue with the {product_purchased}. Please assist.

(This is the product that I had to try (and it was very good), but in the end it was a huge deal - thank you!) I've followed online tutorials and community forums to troubleshoot the issue, but no luck so far.",kaggle,HIGH,HIGH,
221,Two-factor authentication is not sending SMS notifications,"Our users are not receiving 2FA SMS notifications, which is creating security concerns. Can this be resolved today?",synthetic,HIGH,HIGH,
39,Ticket Search Returns Irrelevant Results,Searching tickets returns results that aren't related. Any way to refine the search function would be really helpful.,synthetic,LOW,MEDIUM,
518,Payment issue,"I'm having an issue with the {product_purchased}. Please assist. This is a huge issue on the PC...

The problem was solved and a new issue has been fixed. If you have problem with the {product_p I've tried clearing the cache and data for the {product_purchased} app, but the issue persists.",kaggle,MEDIUM,MEDIUM,
694,Display issue,"I'm having an issue with the {product_purchased}. Please assist.

You're on your way to work. A number of companies are trying to make their software easier, but they're asking for trouble and may be getting in I've recently updated the firmware of my {product_purchased}, and the issue started happening afterward. Could it be related to the update?",kaggle,CRITICAL,CRITICAL,
73,"System shut down, please revive.","The app's API is down, leading to errors and data inconsistencies. This will compromise our business operations.",synthetic-edge,CRITICAL,CRITICAL,
806,Peripheral compatibility,"I'm having an issue with the {product_purchased}. Please assist.

The only issue I see with product purchases is if you don't sell them. There was a new release of {product_purchased} two days I've noticed that the issue occurs consistently when I use a specific feature or application on my {product_purchased}.",kaggle,CRITICAL,CRITICAL,
567,Installation support,"I'm having an issue with the {product_purchased}. Please assist.

I'm having an issue with the {product_purchased}. Please assist.

My order arrived within 24 hours, as I purchased a lot I rely heavily on my {product_purchased} for my daily tasks, and this issue is hindering my productivity.",kaggle,HIGH,HIGH,
219,Payment Processing Freeze,"All payments made via the platform are becoming frozen, preventing clients from making necessary transactions.",synthetic,CRITICAL,CRITICAL,
80,Financial reports are being generated with incorrect dates,"Our financial reports are displaying incorrect dates, which is affecting our accounting needs. We need this fixed today.",synthetic,HIGH,HIGH,
195,Authentication Loop Crash,"App crashes when attempting to authenticate, causing loss of user sessions and data. Please resolve as soon as possible.",synthetic,CRITICAL,CRITICAL,
10,I HATE your new update!!!,I like the old UI better. Can you please revert back to the previous version?,synthetic-edge,LOW,LOW,
539,Peripheral compatibility,"I'm having an issue with the {product_purchased}. Please assist.

""As for the [new] product, it's in use within the EMC unit so I would like to send you an email to advise of the I've performed a factory reset on my {product_purchased}, hoping it would resolve the problem, but it didn't help.",kaggle,HIGH,HIGH,
426,Payment issue,"I'm having an issue with the {product_purchased}. Please assist. If you see any, please message me in the feedback section.

This product has been sent to the store. It is available to request for in store delivery I've noticed a peculiar error message popping up on my {product_purchased} screen. It says '{error_message}'. What does it mean?",kaggle,MEDIUM,MEDIUM,
234,Product setup,"I'm having an issue with the {product_purchased}. Please assist.

Thank you for your support of the M2A2 platform. Thanks for your ongoing support!

I apologize for any kind of problems I was experiencing I've reviewed the troubleshooting steps on the official support website, but they didn't resolve the problem.",kaggle,LOW,LOW,
263,Account access,"I'm having an issue with the {product_purchased}. Please assist.

This item is no longer available. But don't go! We have similar items in stock. I've checked for any available software updates for my {product_purchased}, but there are none.",kaggle,LOW,LOW,
160,Subscription Cancellation Not Processing Correctly,"We're having trouble cancelling subscriptions, and it's not processing correctly in the system. Can you investigate this issue?",synthetic,MEDIUM,CRITICAL,
384,Product setup,"I'm unable to access my {product_purchased} account. It keeps displaying an 'Invalid Credentials' error, even though I'm using the correct login information. How can I regain access to my account?

If you I've checked for any available software updates for my {product_purchased}, but there are none.",kaggle,MEDIUM,MEDIUM,
342,Installation support,"I'm facing issues logging into my {product_purchased} account. It says my account is locked. What should I do to unlock it?

Your Account (ID) or your PIN will unlock my PayPal account. If you use I'm using the original charger that came with my {product_purchased}, but it's not charging properly.",kaggle,LOW,LOW,
298,Delivery problem,"I'm having an issue with the {product_purchased}. Please assist. {product_purchased}. The company must have been purchased with $true from your own list of purchases to receive the rebate with this name.

This I'm using the original charger that came with my {product_purchased}, but it's not charging properly.",kaggle,LOW,LOW,
508,Peripheral compatibility,"I've forgotten my password for my {product_purchased} account, and the password reset option is not working. How can I recover my account?

Step 5: Follow the steps on the left. In Chrome, click on the I'm unable to find the option to perform the desired action in the {product_purchased}. Could you please guide me through the steps?",kaggle,MEDIUM,MEDIUM,
502,Account access,"I'm having an issue with the {product_purchased}. Please assist.

We apologize for the inconvenience.

S.P.

All of our customers are fully responsible for all refunds and other circumstances.

Please I've followed the troubleshooting steps mentioned in the user manual, but the issue persists.",kaggle,MEDIUM,MEDIUM,
824,Product setup,"I'm having an issue with the {product_purchased}. Please assist. ""

""The item cannot be removed""

isNotBillingFormatted(item, state.getProductPurchaseName)

if __name The issue I'm facing is intermittent. Sometimes it works fine, but other times it acts up unexpectedly.",kaggle,CRITICAL,CRITICAL,
316,Software bug,"I'm having an issue with the {product_purchased}. Please assist. Thanks.

I'll post back to this thread for more information. I'm concerned about the security of my {product_purchased} and would like to ensure that my data is safe.",kaggle,LOW,LOW,
248,Refund request,"I'm having an issue with the {product_purchased}. Please assist.

Please enable Javascript to watch this video I've noticed a sudden decrease in battery life on my {product_purchased}. It used to last much longer.",kaggle,LOW,LOW,
145,Mobile App Crashes on Login,Users are unable to access the app due to a persistent login error. Resolve this today to avoid business disruption.,synthetic,CRITICAL,CRITICAL,
602,Data loss,"I'm facing issues logging into my {product_purchased} account. It says my account is locked. What should I do to unlock it?

I need your help to unlock the account.

If the password already exists, I've noticed that the issue occurs consistently when I use a specific feature or application on my {product_purchased}.",kaggle,HIGH,HIGH,
448,Payment issue,"I'm having an issue with the {product_purchased}. Please assist.

Thank you!

Your address is correct.

I'm having an issue with the {product_purchased}. Please assist. It won I'm unable to find the option to perform the desired action in the {product_purchased}. Could you please guide me through the steps?",kaggle,MEDIUM,MEDIUM,
749,Hardware issue,"I'm having an issue with the {product_purchased}. Please assist. I rely heavily on my {product_purchased} for my daily tasks, and this issue is hindering my productivity.",kaggle,CRITICAL,CRITICAL,
523,Installation support,"I've recently set up my {product_purchased}, but it fails to connect to any available networks. What steps should I take to troubleshoot this issue?

A good way to answer this is by doing a reboot. Since I've reviewed the troubleshooting steps on the official support website, but they didn't resolve the problem.",kaggle,MEDIUM,MEDIUM,
185,Analytics Dashboard Custom Field Display,"The custom fields on the analytics dashboard are not being displayed as expected, resulting in missing data. This requires manual intervention to update the reports.",synthetic,MEDIUM,MEDIUM,
612,Delivery problem,"I'm having an issue with the {product_purchased}. Please assist.

Please understand that Amazon's ""Amazon Instant Order"" system is only intended for purchasing online. If you own an Amazon Prime membership, please ensure you have some I've noticed a sudden decrease in battery life on my {product_purchased}. It used to last much longer.",kaggle,HIGH,HIGH,
436,Cancellation request,"I'm having an issue with the {product_purchased}. Please assist. {{product_purchased}.}}

It's all over? (Not to mention now that the ""mystery boxes"" are replaced with the real ones I'm using the original charger that came with my {product_purchased}, but it's not charging properly.",kaggle,MEDIUM,MEDIUM,
164,Feature Request: Support for Custom Fields in Ticket Forms,Would love the option to add custom fields to the ticket forms to better fit our needs.,synthetic,LOW,LOW,
775,Delivery problem,"I'm having an issue with the {product_purchased}. Please assist.

Please send my feedback via email ([email protected]) to the following address ([email protected]) If you think this is incorrect, please post. I've followed the troubleshooting steps mentioned in the user manual, but the issue persists.",kaggle,CRITICAL,CRITICAL,
608,Product setup,"My {product_purchased} is making strange noises and not functioning properly. I suspect there might be a hardware issue. Can you please help me with this? If the problem is not solved, please send me an email!Thanks. I've noticed a peculiar error message popping up on my {product_purchased} screen. It says '{error_message}'. What does it mean?",kaggle,HIGH,HIGH,
100,You're the WORST!!! The colors are all wrong!!!,I'm trying to use your app for work and the colors are not what I'm used to. Can you please change them?,synthetic-edge,LOW,LOW,
252,Cancellation request,"I'm having an issue with the {product_purchased}. Please assist. There are multiple issues on how to resolve this issue.

This issue was reported as a cross fork from http://developer.mozilla.org/en I'm experiencing this issue on multiple devices of the same model, so it seems to be a widespread problem.",kaggle,LOW,LOW,
36,REST API Rate Limiting Error,We're experiencing rate limiting errors when using the REST API to update user data. The API response is incorrect and requires manual intervention.,synthetic,MEDIUM,MEDIUM,
555,Peripheral compatibility,"My {product_purchased} is making strange noises and not functioning properly. I suspect there might be a hardware issue. Can you please help me with this?

Hi @Bud, the machine I've installed isn't working! I've tried troubleshooting steps mentioned in the user manual, but the issue persists.",kaggle,HIGH,HIGH,
474,Cancellation request,"I've forgotten my password for my {product_purchased} account, and the password reset option is not working. How can I recover my account?

It uses simple methods called a password reset. However, if you're not sure I've tried using different cables, adapters, or peripherals with my {product_purchased}, but the issue persists.",kaggle,MEDIUM,MEDIUM,
501,Product recommendation,"I'm facing a problem with my {product_purchased}. The {product_purchased} is not turning on. It was working fine until yesterday, but now it doesn't respond. As of now, my {product_p I've followed the troubleshooting steps mentioned in the user manual, but the issue persists.",kaggle,MEDIUM,MEDIUM,
413,Network problem,"I'm having an issue with the {product_purchased}. Please assist.


All photos by Michael P.


The products available are very limited from 10 - 15 items. Prices and availability from Amazon vary slightly so you may want I've tried different settings and configurations on my {product_purchased}, but the issue persists.",kaggle,MEDIUM,MEDIUM,
74,Production Database Unreachable,Our team's ability to invoice clients relies on this database. The DB is unreachable and we're losing revenue. Please resolve ASAP.,synthetic,CRITICAL,CRITICAL,
386,Software bug,"I'm having an issue with the {product_purchased}. Please assist. It is currently the {Product_purchased}.

The product was purchased with the name ""YOUR "" and it was delivered on time and exactly as I rely heavily on my {product_purchased} for my daily tasks, and this issue is hindering my productivity.",kaggle,MEDIUM,MEDIUM,
611,Account access,I'm having an issue with the {product_purchased}. Please assist. I'm concerned about the security of my {product_purchased} and would like to ensure that my data is safe.,kaggle,HIGH,HIGH,
392,Display issue,"I'm having an issue with the {product_purchased}. Please assist.

Pursuant to US FDA regulation - FDA's ""Prohibited Substances"" Regulations (SRR 1). See FDA's ""Additional Health Care Information I'm experiencing this issue on multiple devices of the same model, so it seems to be a widespread problem.",kaggle,MEDIUM,MEDIUM,
288,Hardware issue,"There seems to be a hardware problem with my {product_purchased}. The screen is flickering, and I'm unable to use it. What should I do? Answer: ""Turn-on the lights"". You could turn on a power stand I'm experiencing this issue on multiple devices of the same model, so it seems to be a widespread problem.",kaggle,LOW,LOW,
176,Slowing Database Backup Schedule,"Our database backups are taking longer than usual, affecting our workflow. The backups completed in 2 hours yesterday, now it takes about 4 hours each day.",synthetic,MEDIUM,MEDIUM,
362,Account access,"I'm having an issue with the {product_purchased}. Please assist.

Coffee is not included in the purchase price. Please assist the buyer.

Product sold separately. Please assist the buyer.

Product sold I'm experiencing this issue on multiple devices of the same model, so it seems to be a widespread problem.",kaggle,LOW,LOW,
647,Software bug,"My {product_purchased} is making strange noises and not functioning properly. I suspect there might be a hardware issue. Can you please help me with this? :/

Hi,

I was reading your article and couldn't I need assistance as soon as possible because it's affecting my work and productivity.",kaggle,HIGH,HIGH,
434,Cancellation request,"I'm having an issue with the {product_purchased}. Please assist. #purchased_by=CandyCandy$

So now we've finally reached my goal!

If the order is still in its delivery I've tried troubleshooting steps mentioned in the user manual, but the issue persists.",kaggle,MEDIUM,MEDIUM,
320,Account access,"I'm having an issue with the {product_purchased}. Please assist.

Here's video from iStock. I've followed the troubleshooting steps mentioned in the user manual, but the issue persists.",kaggle,LOW,LOW,
226,File Uploads Failing with No Error Messages,We're unable to upload files to your platform due to no error messages. Frustrating experience for our users,synthetic,HIGH,HIGH,
820,Network problem,"I've encountered a data loss issue with my {product_purchased}. All the files and documents seem to have disappeared. Can you guide me on how to retrieve them? Thank you.


The {product_purchased} part I've tried different settings and configurations on my {product_purchased}, but the issue persists.",kaggle,CRITICAL,CRITICAL,
693,Peripheral compatibility,"I'm having an issue with the {product_purchased}. Please assist.

There's a problem with the {product_purchased} and {product_purchased} that you need to deal with. It shows up I've noticed a peculiar error message popping up on my {product_purchased} screen. It says '{error_message}'. What does it mean?",kaggle,CRITICAL,CRITICAL,
531,Installation support,"I've encountered a data loss issue with my {product_purchased}. All the files and documents seem to have disappeared. Can you guide me on how to retrieve them?

If you have a ""download_metadata"" error but have I've checked for software updates, and my {product_purchased} is already running the latest version.",kaggle,HIGH,HIGH,
809,Refund request,"I'm having an issue with the {product_purchased}. Please assist.

Please help make your product available in the public domain. Please help make your product available in the public domain. The Marketplace is a personal computer system that uses I'm concerned about the security of my {product_purchased} and would like to ensure that my data is safe.",kaggle,CRITICAL,CRITICAL,
551,Software bug,"I'm having an issue with the {product_purchased}. Please assist.

Purchased $0.00 20%

Bricklots

You are shopping right now!

B Mongolia

We love This problem started occurring after the recent software update. I haven't made any other changes to the device.",kaggle,HIGH,HIGH,
290,Delivery problem,"I'm having an issue with the {product_purchased}. Please assist.

A message was posted by the administrator of this forum:

"" From: ""James M"" <james@gw2.com> To I've noticed that the issue occurs consistently when I use a specific feature or application on my {product_purchased}.",kaggle,LOW,LOW,
613,Product recommendation,"My {product_purchased} crashed, and I lost all the data stored on it. Is there any way to recover the lost data? No. I hope the user is a bit wiser and has seen the error message. Please make sure The issue I'm facing is intermittent. Sometimes it works fine, but other times it acts up unexpectedly.",kaggle,HIGH,HIGH,
609,Product recommendation,"I'm encountering a software bug in the {product_purchased}. Whenever I try to perform a specific action, the application crashes. Are there any updates or fixes available? Thank you!

If you're running the game. You can I've already contacted customer support multiple times, but the issue remains unresolved.",kaggle,HIGH,HIGH,
733,Refund request,"I've forgotten my password for my {product_purchased} account, and the password reset option is not working. How can I recover my account?

Note For Microsoft® Outlook 2010 and later users, the following authentication is available for I've recently updated the firmware of my {product_purchased}, and the issue started happening afterward. Could it be related to the update?",kaggle,CRITICAL,CRITICAL,
236,Product setup,My {product_purchased} is making strange noises and not functioning properly. I suspect there might be a hardware issue. Can you please help me with this? I have a good feeling about what that means or how to fix it... it I've noticed a peculiar error message popping up on my {product_purchased} screen. It says '{error_message}'. What does it mean?,kaggle,LOW,LOW,
746,Delivery problem,"The {product_purchased} is unable to establish a stable internet connection. It keeps disconnecting intermittently. How can I troubleshoot this network problem?

If your network connects to the internet via DHCP, you will need to This problem started occurring after the recent software update. I haven't made any other changes to the device.",kaggle,CRITICAL,CRITICAL,
522,Payment issue,"I've accidentally deleted important data from my {product_purchased}. Is there any way to recover the deleted files? I need them urgently. I need to get a better job, to be more effective, to save my money. Would I I've recently updated the firmware of my {product_purchased}, and the issue started happening afterward. Could it be related to the update?",kaggle,MEDIUM,MEDIUM,
728,Product recommendation,"I'm having an issue with the {product_purchased}. Please assist. Please. This will solve all of our problems and please do my best.


If you have questions, please contact me immediately using the contact contact information below in I've followed the troubleshooting steps mentioned in the user manual, but the issue persists.",kaggle,CRITICAL,CRITICAL,
557,Display issue,"I'm having an issue with the {product_purchased}. Please assist.

Sorry, there is an issue with retrieving posts.

Add a comment

Post a new comment. I need assistance as soon as possible because it's affecting my work and productivity.",kaggle,HIGH,HIGH,
71,Logo is not centered on mobile.,I'm using the app on my mobile and the logo is not centered. Can you please fix it?,synthetic-edge,LOW,LOW,
521,Product compatibility,"I'm having an issue with the {product_purchased}. Please assist. I have tried to do some research on various alternatives and it is an easy way to get this right as well. First, look at the seller's web site. I need assistance as soon as possible because it's affecting my work and productivity.",kaggle,MEDIUM,MEDIUM,
607,Account access,"I'm having an issue with the {product_purchased}. Please assist.

I'm getting an email informing me that if they have removed their product, their warranty will break. After reading through my experience with the eShop I found I've recently updated the firmware of my {product_purchased}, and the issue started happening afterward. Could it be related to the update?",kaggle,HIGH,HIGH,
794,Cancellation request,"I've encountered a data loss issue with my {product_purchased}. All the files and documents seem to have disappeared. Can you guide me on how to retrieve them? -

I get a lot of questions about where my files were I've followed the troubleshooting steps mentioned in the user manual, but the issue persists.",kaggle,CRITICAL,CRITICAL,
299,Peripheral compatibility,"I'm having an issue with the {product_purchased}. Please assist. If they have any further questions, I'll post it on twitter #shampoo and I don't want to waste time posting it here yet!

We will I've noticed a sudden decrease in battery life on my {product_purchased}. It used to last much longer.",kaggle,LOW,LOW,
122,Invoice Generation Failure Due to Incorrect Totals,Our latest batch of invoices have incorrect totals. We cannot afford to send out incorrect invoices to clients. Please resolve ASAP.,synthetic,HIGH,HIGH,
360,Refund request,"I've forgotten my password for my {product_purchased} account, and the password reset option is not working. How can I recover my account?

After all, the product can be recovered if the information you provided was stolen. I need assistance as soon as possible because it's affecting my work and productivity.",kaggle,LOW,LOW,
506,Battery life,"I'm having an issue with the {product_purchased}. Please assist.

If you've already purchased a product from Amazon, please contact us. We'll be happy to discuss the issue, and we'll update our site with more I'm concerned about the security of my {product_purchased} and would like to ensure that my data is safe.",kaggle,MEDIUM,MEDIUM,
61,Incorrect User Role Display on Profile,"The user role displayed on the user profile is incorrect, showing an outdated role rather than the current one. Please resolve this as soon as possible.",synthetic,MEDIUM,LOW,
323,Product setup,"I'm having an issue with the {product_purchased}. Please assist.

I've had a lot of questions on whether to purchase a $150 iPhone, I had to check a few online stores. Most of them said to start The issue I'm facing is intermittent. Sometimes it works fine, but other times it acts up unexpectedly.",kaggle,LOW,LOW,
238,Product setup,"I'm having an issue with the {product_purchased}. Please assist.

14.3.1 Why shouldn't you add or replace the original price in the current checkout? I've performed a factory reset on my {product_purchased}, hoping it would resolve the problem, but it didn't help.",kaggle,LOW,LOW,
432,Payment issue,"There seems to be a hardware problem with my {product_purchased}. The screen is flickering, and I'm unable to use it. What should I do? Why? I use Chrome and OS X Lion. Does I need to manually restart I've noticed a peculiar error message popping up on my {product_purchased} screen. It says '{error_message}'. What does it mean?",kaggle,MEDIUM,MEDIUM,
460,Account access,"I'm having an issue with the {product_purchased}. Please assist. #!/bin/sh -Wall # The package contains everything we need to install the code, we don't actually need it by going to the '-Wall' I'm unable to find the option to perform the desired action in the {product_purchased}. Could you please guide me through the steps?",kaggle,MEDIUM,MEDIUM,
538,Data loss,"I'm having an issue with the {product_purchased}. Please assist.

I am unable to sign up for any of the online orders online. How do I use this?

Please let me know with an address for all I've already contacted customer support multiple times, but the issue remains unresolved.",kaggle,HIGH,HIGH,
390,Cancellation request,"There seems to be a hardware problem with my {product_purchased}. The screen is flickering, and I'm unable to use it. What should I do?

It was probably a hardware problem with the device, or some software that I've tried using different cables, adapters, or peripherals with my {product_purchased}, but the issue persists.",kaggle,MEDIUM,MEDIUM,
355,Installation support,"I'm having an issue with the {product_purchased}. Please assist.

I am having issues with the {product_purchased}. Please assist.

My name is, and this product does nothing for me. Please I rely heavily on my {product_purchased} for my daily tasks, and this issue is hindering my productivity.",kaggle,LOW,LOW,
708,Product setup,"I'm having an issue with the {product_purchased}. Please assist.

Please provide an appropriate warranty number.

Your warranty has been clearly stated.


We are making daily attempts to obtain a complete, accurate and current I've checked for any available software updates for my {product_purchased}, but there are none.",kaggle,CRITICAL,CRITICAL,
142,Failed Security Token Refresh,"Our security tokens are not refreshing as expected, resulting in authentication issues. Critical security risk and urgent fix necessary",synthetic,HIGH,CRITICAL,
710,Delivery problem,"I'm having an issue with the {product_purchased}. Please assist.

I'm having an issue with the ""products"" that appear in You Tube. Please assist.

I'm having an issue with the ""products"" I'm using the original charger that came with my {product_purchased}, but it's not charging properly.",kaggle,CRITICAL,CRITICAL,
161,Incorrect Timezone Display on Mobile App,"The user timezone displayed on the mobile app is not accurate, showing the wrong time. This needs to be fixed soon to prevent confusion amongst our team.",synthetic,MEDIUM,LOW,
419,Product recommendation,"I'm having an issue with the {product_purchased}. Please assist. And please share!

[hidden Kashyyyid]

This topic has been updated to fix a bug regarding the user data from my Account Manager. This problem started occurring after the recent software update. I haven't made any other changes to the device.",kaggle,MEDIUM,MEDIUM,
214,API Key Not Working on Certain Integrations,"We're having trouble getting API keys to work on certain integrations, which is causing issues with our data imports. Can you troubleshoot this?",synthetic,MEDIUM,HIGH,
505,Cancellation request,"I'm having an issue with the {product_purchased}. Please assist.

This may have caused the issue:

Solution: Change the product_purchased property to add it to the product_purchased property of I've tried clearing the cache and data for the {product_purchased} app, but the issue persists.",kaggle,MEDIUM,MEDIUM,
377,Hardware issue,"My {product_purchased} is making strange noises and not functioning properly. I suspect there might be a hardware issue. Can you please help me with this?

My {product_purchased} is making strange noises and not I've already contacted customer support multiple times, but the issue remains unresolved.",kaggle,MEDIUM,MEDIUM,
261,Battery life,"I'm having an issue with the {product_purchased}. Please assist. 1) Don't add an item or use a service to add another item, this will leave the price to continue. 2) Do you want to charge/re I'm experiencing this issue on multiple devices of the same model, so it seems to be a widespread problem.",kaggle,LOW,LOW,
513,Battery life,"I'm having an issue with the {product_purchased}. Please assist. If you can, I'll get a response ASAP.

We can all agree that if this makes us feel better, this is important to us. But this I've noticed that the issue occurs consistently when I use a specific feature or application on my {product_purchased}.",kaggle,MEDIUM,MEDIUM,
156,Minor UI Issue with Modal Dialogs,"The modal dialogs in the system are not responsive on smaller screens, which makes it hard to interact with them. Please make them mobile-friendly soon.",synthetic,MEDIUM,LOW,
661,Product setup,"I'm having an issue with the {product_purchased}. Please assist.

The product name is'mall', which means for example 'Plum' or 'Felise', if the product has been 'paid for' The issue I'm facing is intermittent. Sometimes it works fine, but other times it acts up unexpectedly.",kaggle,HIGH,HIGH,
23,"Error deleting files, immediate assistance.",Our team is experiencing issues deleting files in the app. This is impacting our productivity and requiring overtime.,synthetic-edge,MEDIUM,MEDIUM,
747,Product recommendation,"I'm having an issue with the {product_purchased}. Please assist.

Please do not delete this message due to this issue.

Please be advised!

How do I change the value of this product? I've checked the device settings and made sure that everything is configured correctly.",kaggle,CRITICAL,CRITICAL,
205,Critical Data Loss Due to Unsynced Database Backups,"Our backup process failed, leaving our database in an inconsistent state. We need a fix to prevent future losses.",synthetic,CRITICAL,HIGH,
178,Notification emails are not being sent due to email auth issue,"Our users are not receiving important notifications, which is causing a communication breakdown. Please assist us in resolving this issue.",synthetic,HIGH,HIGH,
317,Product recommendation,"I've recently set up my {product_purchased}, but it fails to connect to any available networks. What steps should I take to troubleshoot this issue?

Solution: We're still talking about using multiple ports and port forwarding I'm using the original charger that came with my {product_purchased}, but it's not charging properly.",kaggle,LOW,LOW,
482,Installation support,"I'm having an issue with the {product_purchased}. Please assist.

C:\Windows\System32\mscms.dll

Driver Version: 14.17.0025.17 (English)

Driver Attributes I'm unable to find the option to perform the desired action in the {product_purchased}. Could you please guide me through the steps?",kaggle,MEDIUM,MEDIUM,
48,Session Timeout Warning,It'd be awesome if there was a warning when the user's session is about to time out,synthetic,LOW,LOW,
